user_id,day,chronotype,weekday,alarm_hour,alarm_minute,alarm_hour_with_snooze,alarm_minute_with_snooze,sleep_duration_hours,screen_time_before_bed_min,smart_sleep_meter,stress_level,sleep_quality,exercise_done,nap_duration_min,snooze_count,next_day_smart_sleep,snooze_time_min,optimal_alarm_hour,optimal_alarm_minute,mood
1,1,standard,0,7,48,7,58,5.8,65,5.1,4.5,4.9,0,56,1,3.9,10,7,48,neutral
1,2,standard,1,7,25,7,45,7.0,58,3.9,4.7,4.5,0,35,2,5.5,20,6,25,neutral
1,3,standard,2,7,33,7,33,7.9,56,5.5,5.0,7.8,0,21,0,6.2,0,7,33,neutral
1,4,standard,3,7,52,7,52,5.8,61,6.2,5.3,6.2,0,17,0,5.8,0,7,52,neutral
1,5,standard,4,7,51,8,1,7.2,70,5.8,4.2,7.2,1,19,1,4.3,10,7,51,neutral
1,6,standard,5,8,6,8,26,7.1,65,4.3,3.4,5.8,1,42,2,3.6,20,9,6,neutral
1,7,standard,6,8,15,8,15,7.3,56,3.6,4.2,5.0,1,25,0,3.3,0,7,15,sad
1,8,standard,0,7,52,8,12,6.8,56,3.3,4.1,6.6,0,43,2,6.2,20,6,52,neutral
1,9,standard,1,7,51,7,51,7.3,55,6.2,4.9,10.0,0,26,0,2.6,0,7,51,neutral
1,10,standard,2,7,5,7,5,6.6,65,2.6,4.4,7.1,1,20,0,4.6,0,8,5,sad
1,11,standard,3,7,19,7,19,5.9,68,4.6,4.3,7.9,1,50,0,3.7,0,8,19,neutral
1,12,standard,4,7,37,7,37,6.3,74,3.7,4.0,5.7,1,12,0,7.6,0,8,37,sad
1,13,standard,5,8,38,8,48,6.3,64,7.6,2.9,8.7,1,5,1,5.1,10,8,38,happy
1,14,standard,6,8,8,8,8,7.2,57,5.1,1.6,6.8,1,56,0,3.7,0,8,8,sad
1,15,standard,0,7,44,7,44,8.2,55,3.7,2.1,5.3,1,38,0,5.0,0,6,44,neutral
1,16,standard,1,7,9,7,29,6.4,54,5.0,1.9,6.5,0,59,2,6.2,20,7,9,neutral
1,17,standard,2,7,54,7,54,6.4,45,6.2,2.5,6.4,1,59,0,7.4,0,7,54,sad
1,18,standard,3,7,13,7,33,7.4,46,7.4,2.7,8.9,1,47,2,4.4,20,7,13,happy
1,19,standard,4,7,6,7,6,8.3,43,4.4,2.3,5.0,0,2,0,4.6,0,6,6,neutral
1,20,standard,5,8,57,9,17,8.5,47,4.6,2.8,7.1,0,19,2,3.3,20,9,57,happy
1,21,standard,6,8,13,8,23,5.6,54,3.3,3.6,4.9,0,28,1,3.7,10,9,13,sad
1,22,standard,0,7,13,7,13,6.7,51,3.7,4.2,8.5,1,52,0,4.3,0,6,13,neutral
1,23,standard,1,7,30,7,40,6.0,60,4.3,3.5,6.1,0,32,1,6.5,10,8,30,neutral
1,24,standard,2,7,30,7,30,5.8,64,6.5,2.8,7.3,1,39,0,7.4,0,7,30,sad
1,25,standard,3,7,44,8,4,9.3,74,7.4,2.5,7.2,1,43,2,4.6,20,7,44,neutral
1,26,standard,4,7,58,8,18,7.4,79,4.6,2.8,6.8,1,9,2,4.9,20,8,58,neutral
1,27,standard,5,8,54,8,54,8.4,80,4.9,3.7,5.2,0,38,0,3.5,0,7,54,sad
1,28,standard,6,8,31,9,1,7.2,89,3.5,3.3,4.9,0,47,3,5.4,30,7,31,neutral
1,29,standard,0,7,50,7,50,5.8,90,5.4,3.6,7.0,1,59,0,6.8,0,7,50,neutral
2,1,late,0,9,58,9,58,6.8,13,3.6,5.9,7.4,0,13,0,3.6,0,10,58,sad
2,2,late,1,9,30,9,30,7.5,8,3.6,5.7,5.6,1,40,0,5.2,0,8,30,neutral
2,3,late,2,9,44,9,54,7.5,0,5.2,6.9,7.5,1,5,1,2.8,10,9,44,sad
2,4,late,3,9,41,9,51,6.4,5,2.8,6.9,6.8,0,32,1,1.3,10,10,41,sad
2,5,late,4,9,5,9,5,6.6,0,1.3,7.7,4.0,1,10,0,5.3,0,8,5,sad
2,6,late,5,10,54,10,54,6.2,2,5.3,7.8,7.6,1,24,0,2.8,0,10,54,sad
2,7,late,6,10,18,10,18,5.6,0,2.8,8.2,7.2,0,51,0,4.7,0,9,18,sad
2,8,late,0,9,3,9,3,6.8,7,4.7,8.9,6.7,0,52,0,2.1,0,9,3,happy
2,9,late,1,9,51,9,51,5.9,8,2.1,10.0,5.9,0,30,0,4.0,0,8,51,sad
2,10,late,2,9,1,9,11,6.8,18,4.0,10.0,10.0,1,35,1,5.4,10,9,1,neutral
2,11,late,3,9,58,9,58,6.1,9,5.4,9.4,7.6,1,42,0,4.0,0,9,58,neutral
2,12,late,4,9,33,9,33,6.2,4,4.0,9.7,8.7,1,42,0,5.8,0,9,33,happy
2,13,late,5,10,42,10,52,5.7,4,5.8,9.6,5.5,1,47,1,3.8,10,10,42,neutral
2,14,late,6,10,7,10,7,5.9,0,3.8,9.4,5.9,0,24,0,3.8,0,10,7,sad
2,15,late,0,9,41,10,1,6.3,0,3.8,10.0,7.4,1,28,2,4.5,20,9,41,sad
2,16,late,1,9,35,9,35,6.2,0,4.5,10.0,7.6,0,50,0,2.2,0,9,35,neutral
2,17,late,2,9,49,9,49,7.0,0,2.2,9.7,3.9,0,53,0,2.2,0,8,49,sad
2,18,late,3,9,28,9,48,5.8,9,2.2,9.8,8.8,0,51,2,3.2,20,10,28,sad
2,19,late,4,9,14,9,24,7.2,13,3.2,10.0,6.6,1,46,1,3.8,10,8,14,sad
2,20,late,5,10,58,11,8,5.1,21,3.8,9.7,7.7,0,33,1,4.2,10,10,58,sad
2,21,late,6,10,46,10,46,7.7,19,4.2,9.7,8.0,0,27,0,3.1,0,10,46,neutral
2,22,late,0,9,49,9,49,6.9,29,3.1,10.0,8.1,0,27,0,4.7,0,10,49,sad
2,23,late,1,9,41,9,41,6.2,37,4.7,8.9,7.9,0,16,0,1.7,0,9,41,neutral
2,24,late,2,9,45,9,55,6.4,40,1.7,8.9,5.4,1,11,1,4.7,10,8,45,neutral
2,25,late,3,9,57,9,57,6.4,39,4.7,8.7,6.7,1,16,0,4.6,0,9,57,neutral
2,26,late,4,9,44,10,4,5.2,37,4.6,8.6,9.8,1,5,2,4.4,20,9,44,neutral
2,27,late,5,10,28,10,28,6.1,32,4.4,9.2,8.3,0,47,0,4.3,0,10,28,neutral
2,28,late,6,10,53,10,53,6.9,38,4.3,10.0,6.6,1,43,0,3.8,0,10,53,neutral
2,29,late,0,9,9,9,9,8.5,43,3.8,10.0,5.4,0,42,0,3.8,0,9,9,sad
3,1,early,0,6,7,6,7,8.6,10,4.1,6.5,6.6,0,23,0,2.8,0,6,7,neutral
3,2,early,1,6,38,6,48,7.3,13,2.8,6.9,7.5,0,29,1,2.8,10,7,38,sad
3,3,early,2,6,55,7,15,6.8,19,2.8,5.9,5.1,1,22,2,2.1,20,5,55,sad
3,4,early,3,6,42,6,52,7.4,23,2.1,6.2,4.2,1,11,1,4.9,10,5,42,sad
3,5,early,4,6,4,6,4,8.6,28,4.9,6.9,7.3,1,9,0,6.9,0,6,4,sad
3,6,early,5,7,30,7,50,8.8,27,6.9,7.2,10.0,0,48,2,4.9,20,7,30,neutral
3,7,early,6,7,28,7,28,6.1,29,4.9,7.7,7.2,1,48,0,4.6,0,7,28,happy
3,8,early,0,6,55,6,55,7.9,39,4.6,7.7,7.1,1,58,0,4.5,0,6,55,happy
3,9,early,1,6,17,6,37,7.1,42,4.5,7.3,6.6,1,10,2,3.4,20,6,17,neutral
3,10,early,2,6,16,6,16,7.6,47,3.4,7.6,5.5,1,1,0,2.6,0,7,16,neutral
3,11,early,3,6,23,6,23,6.9,38,2.6,7.3,5.4,1,26,0,4.3,0,5,23,sad
3,12,early,4,6,24,6,34,8.9,37,4.3,7.7,6.5,1,20,1,4.3,10,6,24,neutral
3,13,early,5,7,20,7,30,6.0,30,4.3,8.3,7.4,1,34,1,5.7,10,7,20,neutral
3,14,early,6,7,29,7,39,6.4,24,5.7,8.4,6.4,0,1,1,4.0,10,7,29,sad
3,15,early,0,6,31,6,41,7.8,25,4.0,8.6,9.5,1,59,1,4.8,10,6,31,neutral
3,16,early,1,6,50,6,50,7.5,28,4.8,8.0,7.7,0,33,0,3.3,0,6,50,neutral
3,17,early,2,6,25,6,25,8.3,35,3.3,7.7,7.8,0,32,0,0.4,0,7,25,sad
3,18,early,3,6,48,6,48,8.2,45,0.4,9.0,4.3,1,51,0,2.1,0,7,48,sad
3,19,early,4,6,49,6,59,7.9,45,2.1,9.1,4.4,1,33,1,4.2,10,5,49,sad
3,20,early,5,7,2,7,2,7.8,48,4.2,9.2,7.0,1,14,0,1.5,0,7,2,sad
3,21,early,6,7,26,7,26,7.5,41,1.5,8.9,6.1,0,53,0,1.5,0,6,26,sad
3,22,early,0,6,35,6,45,8.0,51,1.5,9.0,5.2,1,29,1,3.2,10,7,35,sad
3,23,early,1,6,48,7,8,7.8,55,3.2,9.5,5.8,1,6,2,2.8,20,5,48,sad
3,24,early,2,6,31,6,41,8.6,48,2.8,9.8,5.5,1,43,1,3.8,10,5,31,sad
3,25,early,3,6,27,6,27,6.9,51,3.8,9.3,7.2,1,24,0,3.4,0,6,27,sad
3,26,early,4,6,48,6,48,7.8,52,3.4,9.3,6.9,1,45,0,2.9,0,7,48,neutral
3,27,early,5,7,11,7,11,9.2,61,2.9,9.5,7.0,1,15,0,3.3,0,6,11,neutral
3,28,early,6,7,28,7,38,7.8,70,3.3,10.0,7.6,1,56,1,4.0,10,6,28,neutral
3,29,early,0,6,16,6,26,7.7,78,4.0,10.0,5.5,1,50,1,4.2,10,6,16,happy
4,1,standard,0,8,29,8,29,4.1,41,6.7,4.2,9.2,0,28,0,3.3,0,8,29,happy
4,2,standard,1,8,33,8,43,4.7,36,3.3,4.5,6.0,1,15,1,6.0,10,7,33,neutral
4,3,standard,2,8,56,8,56,6.0,32,6.0,4.1,7.8,0,57,0,5.6,0,7,56,sad
4,4,standard,3,8,34,8,34,6.6,27,5.6,4.4,8.1,0,26,0,6.1,0,7,34,sad
4,5,standard,4,8,37,9,7,4.1,22,6.1,4.0,8.0,0,39,3,4.2,30,8,37,sad
4,6,standard,5,9,11,9,21,6.3,26,4.2,3.7,8.5,1,18,1,4.8,10,10,11,happy
4,7,standard,6,9,1,9,11,7.1,25,4.8,3.7,7.3,1,9,1,6.5,10,8,1,neutral
4,8,standard,0,8,49,8,49,4.5,33,6.5,3.4,9.3,1,22,0,4.4,0,8,49,neutral
4,9,standard,1,8,10,8,10,5.3,25,4.4,2.9,5.8,1,58,0,5.2,0,7,10,happy
4,10,standard,2,8,5,8,5,5.6,30,5.2,2.4,5.3,0,44,0,5.3,0,9,5,neutral
4,11,standard,3,8,0,8,10,7.6,26,5.3,2.0,6.5,1,12,1,5.3,10,7,0,sad
4,12,standard,4,8,54,9,4,4.9,22,5.3,1.5,6.4,1,25,1,5.8,10,9,54,sad
4,13,standard,5,9,16,9,16,5.6,23,5.8,1.1,5.6,1,41,0,7.5,0,10,16,neutral
4,14,standard,6,9,1,9,1,7.7,27,7.5,1.8,7.3,1,14,0,6.6,0,9,1,happy
4,15,standard,0,8,16,8,16,5.5,26,6.6,2.0,9.4,1,34,0,8.0,0,8,16,neutral
4,16,standard,1,8,54,8,54,4.4,17,8.0,2.3,7.7,0,1,0,3.9,0,8,54,happy
4,17,standard,2,8,7,8,17,5.5,15,3.9,1.9,7.8,1,3,1,7.6,10,7,7,sad
4,18,standard,3,8,2,8,2,4.0,19,7.6,1.6,9.0,1,15,0,5.3,0,8,2,happy
4,19,standard,4,8,41,8,41,5.7,9,5.3,2.2,7.3,0,6,0,5.0,0,7,41,neutral
4,20,standard,5,9,5,9,5,7.2,7,5.0,2.0,6.3,0,53,0,3.4,0,10,5,neutral
4,21,standard,6,9,39,10,9,6.7,3,3.4,0.8,4.9,0,17,3,7.2,30,8,39,sad
4,22,standard,0,8,19,8,19,5.6,0,7.2,0.9,8.5,0,12,0,4.5,0,8,19,neutral
4,23,standard,1,8,27,8,47,6.5,1,4.5,0.6,7.1,1,43,2,8.0,20,9,27,neutral
4,24,standard,2,8,22,8,22,6.7,0,8.0,0.0,9.7,1,9,0,8.0,0,8,22,neutral
4,25,standard,3,8,39,8,59,5.6,3,8.0,0.2,6.4,0,23,2,8.3,20,8,39,happy
4,26,standard,4,8,36,8,56,6.8,8,8.3,0.5,9.2,1,48,2,10.0,20,8,36,happy
4,27,standard,5,9,43,9,43,5.6,6,10.0,1.0,9.4,1,38,0,6.2,0,9,43,happy
4,28,standard,6,9,34,9,34,4.3,11,6.2,1.4,8.8,0,31,0,8.1,0,9,34,sad
4,29,standard,0,8,41,8,41,5.0,21,8.1,1.4,9.4,0,58,0,6.2,0,8,41,happy
5,1,early,0,5,8,5,18,7.8,2,2.6,7.9,5.4,0,47,1,4.8,10,4,8,sad
5,2,early,1,5,39,5,39,8.5,10,4.8,7.9,6.9,1,2,0,3.0,0,5,39,sad
5,3,early,2,5,43,5,53,6.4,15,3.0,7.8,8.1,1,43,1,3.5,10,4,43,neutral
5,4,early,3,5,27,5,47,7.2,18,3.5,7.8,7.9,1,32,2,2.7,20,6,27,sad
5,5,early,4,5,8,5,18,6.1,9,2.7,7.8,3.7,1,26,1,3.1,10,6,8,neutral
5,6,early,5,6,31,6,41,8.5,6,3.1,7.8,5.4,1,55,1,6.8,10,7,31,neutral
5,7,early,6,6,17,6,27,7.3,11,6.8,7.8,8.6,1,23,1,2.6,10,6,17,happy
5,8,early,0,5,9,5,29,8.8,8,2.6,7.3,6.8,1,47,2,4.7,20,6,9,neutral
5,9,early,1,5,37,5,37,7.5,18,4.7,6.9,8.9,1,10,0,4.1,0,5,37,neutral
5,10,early,2,5,28,5,28,8.7,27,4.1,7.3,6.2,1,33,0,2.6,0,5,28,neutral
5,11,early,3,5,8,5,8,7.0,17,2.6,6.8,3.8,0,59,0,6.1,0,6,8,sad
5,12,early,4,5,22,5,22,8.2,24,6.1,5.5,9.8,0,6,0,6.5,0,5,22,neutral
5,13,early,5,6,43,6,43,8.0,28,6.5,6.2,9.3,0,51,0,5.2,0,6,43,sad
5,14,early,6,6,42,6,52,7.8,22,5.2,6.5,6.9,1,25,1,3.2,10,6,42,sad
5,15,early,0,5,46,5,56,8.4,18,3.2,6.4,6.2,1,30,1,4.4,10,6,46,neutral
5,16,early,1,5,16,5,36,7.6,24,4.4,7.5,6.9,1,44,2,4.6,20,5,16,sad
5,17,early,2,5,37,5,47,7.8,26,4.6,7.6,5.1,1,4,1,3.1,10,5,37,neutral
5,18,early,3,5,1,5,11,7.6,21,3.1,8.3,5.0,0,1,1,4.7,10,6,1,neutral
5,19,early,4,5,16,5,26,6.6,30,4.7,8.4,8.5,1,59,1,3.8,10,5,16,neutral
5,20,early,5,6,35,6,55,7.8,37,3.8,8.5,6.9,0,34,2,3.5,20,6,35,sad
5,21,early,6,6,9,6,19,7.9,36,3.5,8.5,5.4,0,17,1,2.7,10,7,9,sad
5,22,early,0,5,44,6,4,8.4,30,2.7,8.6,5.8,1,4,2,4.5,20,6,44,sad
5,23,early,1,5,15,5,35,8.2,23,4.5,9.0,8.0,0,7,2,2.0,20,5,15,sad
5,24,early,2,5,56,5,56,5.2,24,2.0,9.0,5.0,1,26,0,0.8,0,6,56,sad
5,25,early,3,5,9,5,19,6.7,26,0.8,9.7,5.4,1,41,1,2.3,10,4,9,neutral
5,26,early,4,5,41,6,1,8.7,28,2.3,10.0,7.2,1,54,2,5.6,20,4,41,sad
5,27,early,5,6,28,6,28,7.1,23,5.6,10.0,7.0,1,43,0,2.3,0,6,28,sad
5,28,early,6,6,26,6,26,7.0,17,2.3,9.8,7.2,0,32,0,1.9,0,7,26,neutral
5,29,early,0,5,29,5,59,6.8,22,1.9,9.9,6.0,1,17,3,1.4,30,4,29,neutral
6,1,early,0,5,44,6,4,8.4,55,5.1,3.1,5.9,0,20,2,5.8,20,4,44,neutral
6,2,early,1,5,42,5,42,9.1,50,5.8,2.8,7.2,1,31,0,4.6,0,5,42,happy
6,3,early,2,5,39,5,49,6.5,56,4.6,2.8,7.1,1,37,1,5.2,10,4,39,neutral
6,4,early,3,5,37,5,47,8.4,52,5.2,2.9,5.8,1,56,1,3.6,10,4,37,happy
6,5,early,4,5,30,5,30,7.8,62,3.6,2.7,5.1,1,44,0,4.6,0,4,30,sad
6,6,early,5,6,51,6,51,6.2,65,4.6,3.0,7.3,0,25,0,7.4,0,5,51,neutral
6,7,early,6,6,38,6,48,7.9,59,7.4,2.9,8.8,0,43,1,6.6,10,6,38,happy
6,8,early,0,5,25,5,25,6.7,51,6.6,4.1,6.0,1,7,0,5.6,0,5,25,neutral
6,9,early,1,5,5,5,15,6.6,60,5.6,4.8,7.1,0,8,1,2.9,10,5,5,sad
6,10,early,2,5,43,5,53,8.1,65,2.9,4.5,6.1,1,54,1,5.9,10,6,43,sad
6,11,early,3,5,8,5,8,8.3,67,5.9,3.2,6.1,1,35,0,7.2,0,5,8,sad
6,12,early,4,5,39,5,39,7.0,75,7.2,2.7,7.2,1,20,0,5.1,0,5,39,happy
6,13,early,5,6,46,6,46,8.9,74,5.1,2.6,5.3,0,34,0,4.5,0,5,46,sad
6,14,early,6,6,48,6,48,6.9,64,4.5,3.2,5.6,1,19,0,3.8,0,5,48,neutral
6,15,early,0,5,6,5,6,7.1,67,3.8,3.2,4.4,1,58,0,3.7,0,6,6,sad
6,16,early,1,5,26,5,46,6.6,71,3.7,3.7,5.6,1,39,2,4.5,20,4,26,neutral
6,17,early,2,5,32,5,42,5.8,73,4.5,3.2,7.1,0,32,1,7.4,10,4,32,happy
6,18,early,3,5,16,5,26,8.1,71,7.4,3.7,7.3,0,48,1,6.6,10,5,16,happy
6,19,early,4,5,38,5,38,6.3,77,6.6,3.2,7.8,0,39,0,5.5,0,5,38,neutral
6,20,early,5,6,15,6,25,7.4,81,5.5,2.6,6.2,1,7,1,5.6,10,6,15,neutral
6,21,early,6,6,23,6,43,6.2,79,5.6,2.6,5.9,1,6,2,3.3,20,6,23,neutral
6,22,early,0,5,13,5,23,8.6,82,3.3,2.2,6.6,1,31,1,6.6,10,4,13,sad
6,23,early,1,5,31,5,41,6.4,73,6.6,2.5,5.3,1,6,1,5.5,10,5,31,neutral
6,24,early,2,5,9,5,9,8.2,65,5.5,3.0,5.4,1,48,0,4.4,0,5,9,neutral
6,25,early,3,5,41,5,41,7.7,65,4.4,3.3,6.4,0,14,0,6.1,0,4,41,neutral
6,26,early,4,5,21,5,21,8.3,56,6.1,2.8,7.3,1,59,0,5.9,0,5,21,neutral
6,27,early,5,6,53,6,53,7.3,56,5.9,3.2,6.4,1,20,0,4.6,0,6,53,happy
6,28,early,6,6,22,6,22,8.5,65,4.6,3.1,7.3,1,10,0,5.7,0,5,22,happy
6,29,early,0,5,40,6,0,6.8,69,5.7,3.4,6.2,0,16,2,5.0,20,5,40,neutral
7,1,standard,0,8,10,8,20,5.9,60,4.6,6.1,8.8,1,16,1,5.2,10,8,10,neutral
7,2,standard,1,8,1,8,11,9.2,53,5.2,6.2,7.3,0,51,1,4.0,10,8,1,neutral
7,3,standard,2,8,35,8,35,7.3,59,4.0,6.2,6.3,1,27,0,3.1,0,8,35,sad
7,4,standard,3,8,34,8,44,7.7,55,3.1,5.9,6.9,0,56,1,3.7,10,7,34,sad
7,5,standard,4,8,30,8,30,6.9,64,3.7,6.0,5.7,0,56,0,5.4,0,9,30,sad
7,6,standard,5,9,12,9,22,8.0,61,5.4,6.9,7.1,1,28,1,3.5,10,9,12,neutral
7,7,standard,6,9,7,9,37,6.6,51,3.5,7.2,6.7,0,23,3,4.4,30,10,7,neutral
7,8,standard,0,8,29,8,49,8.5,60,4.4,7.5,7.7,0,43,2,3.9,20,8,29,happy
7,9,standard,1,8,57,9,27,8.2,68,3.9,7.2,6.1,1,25,3,2.8,30,8,57,sad
7,10,standard,2,8,59,9,9,6.9,71,2.8,8.1,7.7,1,19,1,6.2,10,9,59,sad
7,11,standard,3,8,55,9,5,8.1,64,6.2,8.1,7.5,1,11,1,6.1,10,8,55,happy
7,12,standard,4,8,53,9,13,6.8,73,6.1,8.3,6.3,0,39,2,0.9,20,8,53,neutral
7,13,standard,5,9,2,9,2,6.1,68,0.9,8.5,5.3,0,48,0,4.4,0,8,2,sad
7,14,standard,6,9,20,9,30,6.9,69,4.4,8.2,5.6,1,0,1,3.2,10,9,20,sad
7,15,standard,0,8,16,8,16,7.5,71,3.2,7.4,8.7,1,59,0,4.7,0,7,16,neutral
7,16,standard,1,8,32,8,32,6.7,63,4.7,7.3,8.5,1,55,0,0.6,0,8,32,sad
7,17,standard,2,8,30,9,0,6.9,56,0.6,7.8,6.0,0,50,3,4.5,30,9,30,sad
7,18,standard,3,8,44,8,44,6.6,60,4.5,7.3,6.9,0,18,0,4.6,0,8,44,neutral
7,19,standard,4,8,5,8,25,9.3,56,4.6,8.0,6.3,0,22,2,4.9,20,8,5,neutral
7,20,standard,5,9,17,9,27,7.9,52,4.9,7.4,5.9,1,34,1,1.7,10,9,17,sad
7,21,standard,6,9,7,9,17,7.8,62,1.7,7.5,2.6,0,7,1,3.1,10,10,7,neutral
7,22,standard,0,8,55,9,5,6.7,60,3.1,8.7,6.4,0,23,1,4.8,10,9,55,neutral
7,23,standard,1,8,30,8,50,7.9,55,4.8,8.6,7.9,1,20,2,3.9,20,8,30,sad
7,24,standard,2,8,13,8,23,7.8,49,3.9,9.0,7.4,1,3,1,4.3,10,8,13,neutral
7,25,standard,3,8,46,8,46,7.3,55,4.3,8.5,6.9,0,45,0,4.2,0,8,46,neutral
7,26,standard,4,8,20,8,20,6.9,60,4.2,8.5,6.5,1,30,0,4.0,0,8,20,neutral
7,27,standard,5,9,46,9,56,9.0,50,4.0,7.9,6.4,1,43,1,2.7,10,9,46,neutral
7,28,standard,6,9,36,9,36,8.0,45,2.7,7.9,5.1,0,34,0,4.5,0,8,36,sad
7,29,standard,0,8,35,8,35,9.3,52,4.5,8.6,6.9,0,56,0,2.7,0,8,35,neutral
8,1,standard,0,8,0,8,20,5.5,56,4.9,3.0,6.6,1,1,2,3.9,20,7,0,happy
8,2,standard,1,8,7,8,17,6.5,64,3.9,3.5,4.8,0,3,1,6.6,10,9,7,sad
8,3,standard,2,8,22,8,32,6.7,55,6.6,3.9,7.5,1,42,1,4.8,10,8,22,happy
8,4,standard,3,8,23,8,23,6.9,45,4.8,3.5,4.3,1,7,0,4.3,0,9,23,sad
8,5,standard,4,8,1,8,1,8.6,42,4.3,3.1,6.8,1,42,0,3.8,0,7,1,neutral
8,6,standard,5,9,18,9,18,6.8,34,3.8,3.1,5.7,0,1,0,6.1,0,8,18,sad
8,7,standard,6,9,34,10,4,6.6,36,6.1,3.2,8.5,1,20,3,4.0,30,9,34,neutral
8,8,standard,0,8,52,9,12,7.0,33,4.0,3.0,5.5,0,23,2,6.2,20,7,52,neutral
8,9,standard,1,8,50,8,50,6.5,42,6.2,3.4,8.8,1,9,0,6.4,0,8,50,neutral
8,10,standard,2,8,6,8,6,6.1,33,6.4,3.3,9.4,1,43,0,4.1,0,8,6,happy
8,11,standard,3,8,45,8,55,6.0,27,4.1,3.0,5.9,0,5,1,3.2,10,7,45,happy
8,12,standard,4,8,56,9,6,7.6,36,3.2,2.9,6.6,1,16,1,6.2,10,7,56,sad
8,13,standard,5,9,1,9,1,9.0,32,6.2,3.2,6.6,1,30,0,6.2,0,9,1,neutral
8,14,standard,6,9,13,9,13,7.4,30,6.2,3.5,6.5,1,39,0,5.9,0,9,13,happy
8,15,standard,0,8,25,8,25,5.8,32,5.9,3.6,7.3,1,56,0,5.3,0,8,25,neutral
8,16,standard,1,8,44,8,44,5.7,30,5.3,2.9,8.8,1,23,0,5.9,0,8,44,neutral
8,17,standard,2,8,51,8,51,7.2,34,5.9,3.8,8.4,0,0,0,6.6,0,8,51,sad
8,18,standard,3,8,51,8,51,6.8,35,6.6,4.4,8.7,0,53,0,4.2,0,8,51,neutral
8,19,standard,4,8,36,8,36,7.3,43,4.2,4.7,5.7,1,47,0,4.5,0,7,36,sad
8,20,standard,5,9,47,9,47,7.9,51,4.5,4.2,6.6,0,5,0,6.2,0,10,47,neutral
8,21,standard,6,9,43,10,3,8.7,57,6.2,3.7,7.4,0,42,2,3.1,20,9,43,neutral
8,22,standard,0,8,1,8,31,7.4,66,3.1,4.3,4.4,1,37,3,5.2,30,7,1,sad
8,23,standard,1,8,39,8,59,7.2,68,5.2,4.7,8.2,1,20,2,4.7,20,7,39,sad
8,24,standard,2,8,20,8,40,7.6,66,4.7,4.0,4.5,0,56,2,7.2,20,7,20,sad
8,25,standard,3,8,6,8,6,7.4,63,7.2,3.5,10.0,0,14,0,2.7,0,8,6,happy
8,26,standard,4,8,27,8,27,7.0,73,2.7,3.2,3.8,1,39,0,4.3,0,9,27,neutral
8,27,standard,5,9,18,9,38,8.0,70,4.3,3.1,7.1,1,51,2,5.8,20,10,18,neutral
8,28,standard,6,9,47,10,7,5.9,80,5.8,2.6,7.2,0,8,2,6.5,20,9,47,neutral
8,29,standard,0,8,33,8,33,6.7,73,6.5,3.4,8.6,1,51,0,8.1,0,8,33,neutral
9,1,standard,0,6,54,6,54,8.5,51,2.5,7.6,5.6,1,15,0,3.7,0,5,54,sad
9,2,standard,1,6,38,6,58,6.4,44,3.7,7.1,8.8,1,45,2,4.7,20,6,38,sad
9,3,standard,2,6,52,6,52,6.4,46,4.7,7.0,5.4,1,53,0,3.4,0,6,52,neutral
9,4,standard,3,6,32,6,32,7.5,36,3.4,6.9,5.0,0,42,0,3.4,0,5,32,neutral
9,5,standard,4,6,55,6,55,6.6,26,3.4,7.4,7.4,1,31,0,5.0,0,5,55,neutral
9,6,standard,5,7,58,7,58,7.7,31,5.0,6.8,6.7,1,33,0,4.1,0,7,58,sad
9,7,standard,6,7,52,7,52,8.0,37,4.1,7.7,7.2,0,38,0,4.0,0,7,52,neutral
9,8,standard,0,6,21,6,21,8.6,40,4.0,8.1,5.2,1,12,0,4.6,0,6,21,happy
9,9,standard,1,6,52,7,2,7.3,49,4.6,8.5,7.9,0,44,1,4.6,10,6,52,neutral
9,10,standard,2,6,23,6,23,7.3,55,4.6,8.6,9.8,0,52,0,3.6,0,6,23,happy
9,11,standard,3,6,30,6,40,7.8,57,3.6,9.9,6.6,0,51,1,4.4,10,5,30,neutral
9,12,standard,4,6,55,7,5,8.1,64,4.4,10.0,7.4,0,27,1,3.2,10,6,55,happy
9,13,standard,5,7,7,7,7,5.9,65,3.2,10.0,9.0,1,13,0,6.4,0,6,7,sad
9,14,standard,6,7,4,7,4,8.4,70,6.4,9.6,8.8,1,46,0,3.5,0,7,4,neutral
9,15,standard,0,6,52,6,52,6.7,80,3.5,9.1,5.2,0,46,0,3.6,0,5,52,neutral
9,16,standard,1,6,56,7,26,6.3,76,3.6,9.0,6.6,0,37,3,2.3,30,7,56,sad
9,17,standard,2,6,14,6,14,5.7,71,2.3,8.6,6.1,1,35,0,4.6,0,5,14,neutral
9,18,standard,3,6,57,7,17,6.8,74,4.6,9.3,6.4,0,35,2,3.9,20,6,57,neutral
9,19,standard,4,6,30,6,30,7.6,64,3.9,8.6,5.6,1,27,0,4.5,0,6,30,sad
9,20,standard,5,7,47,7,57,7.0,72,4.5,8.6,6.0,0,24,1,2.4,10,7,47,happy
9,21,standard,6,7,9,7,39,8.0,77,2.4,8.7,4.9,0,5,3,2.3,30,6,9,sad
9,22,standard,0,6,6,6,16,7.4,77,2.3,8.8,5.8,1,46,1,3.9,10,5,6,sad
9,23,standard,1,6,34,6,44,4.0,85,3.9,9.3,5.1,0,44,1,2.7,10,6,34,sad
9,24,standard,2,6,29,6,29,6.7,88,2.7,9.7,5.2,0,6,0,2.4,0,5,29,sad
9,25,standard,3,6,32,6,32,6.7,80,2.4,9.9,6.0,1,48,0,4.3,0,7,32,sad
9,26,standard,4,6,13,6,13,6.7,90,4.3,10.0,9.1,1,38,0,3.5,0,6,13,neutral
9,27,standard,5,7,51,8,1,7.2,90,3.5,10.0,7.5,0,53,1,3.1,10,6,51,neutral
9,28,standard,6,7,35,7,35,7.4,81,3.1,9.9,7.5,0,0,0,3.5,0,8,35,sad
9,29,standard,0,6,14,6,34,8.4,74,3.5,10.0,7.2,0,40,2,1.1,20,5,14,sad
10,1,late,0,8,26,8,26,7.4,49,5.8,5.4,7.7,1,38,0,3.9,0,8,26,neutral
10,2,late,1,8,30,8,30,8.1,49,3.9,5.1,5.3,1,11,0,3.9,0,7,30,sad
10,3,late,2,8,11,8,21,7.0,40,3.9,5.1,7.0,1,17,1,4.0,10,9,11,sad
10,4,late,3,8,7,8,17,7.1,39,4.0,4.8,5.6,1,10,1,4.9,10,9,7,sad
10,5,late,4,8,4,8,4,6.8,49,4.9,5.0,8.4,0,58,0,4.9,0,8,4,happy
10,6,late,5,9,25,9,25,6.8,47,4.9,4.8,5.7,1,3,0,6.5,0,9,25,neutral
10,7,late,6,9,8,9,28,7.1,45,6.5,5.3,9.0,1,45,2,3.7,20,9,8,neutral
10,8,late,0,8,53,9,13,6.7,46,3.7,5.6,6.1,1,14,2,5.5,20,7,53,sad
10,9,late,1,8,44,8,44,7.2,49,5.5,6.0,5.5,1,19,0,3.6,0,8,44,neutral
10,10,late,2,8,29,8,29,5.2,49,3.6,4.9,5.3,1,31,0,2.2,0,7,29,neutral
10,11,late,3,8,23,8,23,7.0,42,2.2,5.2,4.1,1,46,0,4.6,0,7,23,sad
10,12,late,4,8,12,8,32,6.3,35,4.6,5.0,7.1,0,22,2,4.6,20,8,12,sad
10,13,late,5,9,41,9,51,6.3,31,4.6,4.8,7.8,0,21,1,4.9,10,9,41,neutral
10,14,late,6,9,37,9,37,5.0,35,4.9,4.7,5.9,1,27,0,5.9,0,9,37,neutral
10,15,late,0,8,43,8,43,6.8,38,5.9,5.4,6.1,0,25,0,2.6,0,8,43,neutral
10,16,late,1,8,14,8,24,6.6,31,2.6,6.1,6.3,1,21,1,4.1,10,7,14,sad
10,17,late,2,8,25,8,35,6.7,39,4.1,6.5,8.3,0,50,1,3.0,10,7,25,happy
10,18,late,3,8,45,8,55,7.2,37,3.0,6.2,6.6,1,49,1,4.0,10,7,45,sad
10,19,late,4,8,54,9,14,8.7,31,4.0,6.2,6.2,0,6,2,4.5,20,7,54,neutral
10,20,late,5,9,51,10,11,7.6,39,4.5,6.3,7.2,0,38,2,4.3,20,9,51,happy
10,21,late,6,9,9,9,9,7.2,30,4.3,6.6,9.1,1,33,0,5.2,0,10,9,happy
10,22,late,0,8,9,8,29,5.8,37,5.2,6.5,8.0,1,39,2,4.7,20,8,9,sad
10,23,late,1,8,44,8,44,6.6,31,4.7,6.0,5.6,1,39,0,3.4,0,8,44,neutral
10,24,late,2,8,24,8,24,7.1,23,3.4,6.4,5.0,1,37,0,5.2,0,9,24,neutral
10,25,late,3,8,59,8,59,5.7,17,5.2,6.3,6.9,1,6,0,3.7,0,8,59,neutral
10,26,late,4,8,46,9,6,8.0,24,3.7,6.2,5.5,0,28,2,5.5,20,7,46,neutral
10,27,late,5,9,10,9,10,8.3,21,5.5,6.5,8.4,0,58,0,4.5,0,9,10,sad
10,28,late,6,9,44,9,44,7.2,14,4.5,6.3,9.0,1,13,0,4.1,0,9,44,neutral
10,29,late,0,8,52,9,12,6.7,19,4.1,5.8,6.4,1,50,2,4.3,20,7,52,neutral
11,1,standard,0,6,28,6,28,7.8,40,3.7,2.8,5.9,1,4,0,5.1,0,5,28,neutral
11,2,standard,1,6,49,6,49,9.4,43,5.1,3.3,5.2,0,6,0,7.9,0,6,49,neutral
11,3,standard,2,6,54,7,4,8.0,47,7.9,3.4,7.8,0,35,1,5.0,10,6,54,neutral
11,4,standard,3,6,0,6,0,8.3,52,5.0,2.4,5.8,1,11,0,6.3,0,6,0,neutral
11,5,standard,4,6,25,6,25,8.5,60,6.3,2.4,8.5,1,37,0,5.9,0,6,25,happy
11,6,standard,5,7,12,7,12,7.7,50,5.9,2.5,7.1,0,12,0,4.8,0,7,12,sad
11,7,standard,6,7,18,7,18,8.4,51,4.8,2.9,4.9,0,47,0,8.4,0,7,18,neutral
11,8,standard,0,6,45,6,45,7.8,60,8.4,2.9,7.9,0,39,0,8.0,0,6,45,happy
11,9,standard,1,6,17,6,27,7.8,70,8.0,3.0,8.6,0,35,1,5.0,10,6,17,happy
11,10,standard,2,6,3,6,3,8.5,60,5.0,3.2,8.5,0,36,0,4.4,0,6,3,neutral
11,11,standard,3,6,26,6,36,7.1,61,4.4,3.2,7.8,1,16,1,5.2,10,5,26,neutral
11,12,standard,4,6,27,6,27,7.2,64,5.2,3.7,8.4,1,10,0,5.7,0,6,27,sad
11,13,standard,5,7,29,7,39,9.8,69,5.7,4.5,7.8,1,47,1,4.4,10,7,29,sad
11,14,standard,6,7,17,7,27,8.0,71,4.4,4.2,6.9,0,10,1,5.7,10,6,17,happy
11,15,standard,0,6,35,6,35,8.2,64,5.7,4.5,7.6,0,11,0,4.8,0,6,35,sad
11,16,standard,1,6,10,6,20,5.8,58,4.8,5.0,8.2,1,42,1,4.9,10,6,10,happy
11,17,standard,2,6,19,6,39,8.4,49,4.9,5.2,6.3,1,37,2,1.3,20,6,19,happy
11,18,standard,3,6,13,6,23,8.7,57,1.3,5.9,2.6,1,30,1,3.6,10,7,13,neutral
11,19,standard,4,6,54,6,54,8.2,50,3.6,7.1,4.6,1,26,0,3.7,0,7,54,sad
11,20,standard,5,7,31,7,41,9.1,45,3.7,7.3,6.5,1,4,1,4.3,10,8,31,sad
11,21,standard,6,7,40,7,40,7.0,50,4.3,7.2,7.9,1,3,0,5.4,0,6,40,neutral
11,22,standard,0,6,1,6,11,7.5,55,5.4,7.2,7.4,1,15,1,4.6,10,6,1,sad
11,23,standard,1,6,29,6,59,9.0,51,4.6,7.3,7.3,1,0,3,2.3,30,7,29,neutral
11,24,standard,2,6,14,6,34,7.5,55,2.3,7.6,5.5,1,46,2,5.1,20,5,14,sad
11,25,standard,3,6,16,6,16,8.6,64,5.1,8.5,6.9,1,42,0,1.8,0,6,16,neutral
11,26,standard,4,6,55,6,55,5.7,69,1.8,8.8,5.8,0,59,0,4.1,0,7,55,neutral
11,27,standard,5,7,48,7,58,8.8,65,4.1,9.1,6.4,1,14,1,2.8,10,6,48,happy
11,28,standard,6,7,28,7,58,6.7,69,2.8,9.1,6.7,1,26,3,3.2,30,8,28,sad
11,29,standard,0,6,58,6,58,8.3,69,3.2,9.1,4.7,1,6,0,2.6,0,5,58,neutral
12,1,late,0,9,9,9,9,5.9,36,5.1,4.6,7.4,1,12,0,4.9,0,10,9,sad
12,2,late,1,9,46,9,46,7.5,38,4.9,4.7,6.3,1,38,0,6.9,0,10,46,neutral
12,3,late,2,9,15,9,15,7.1,28,6.9,4.4,8.5,1,29,0,4.6,0,9,15,neutral
12,4,late,3,9,55,10,5,6.5,19,4.6,4.4,7.6,1,59,1,4.5,10,8,55,neutral
12,5,late,4,9,29,9,29,6.5,13,4.5,4.6,6.5,1,8,0,7.1,0,8,29,neutral
12,6,late,5,10,31,10,31,5.9,3,7.1,4.1,8.7,0,59,0,3.7,0,10,31,neutral
12,7,late,6,10,42,10,52,5.4,11,3.7,4.0,5.1,1,44,1,6.2,10,9,42,neutral
12,8,late,0,9,14,9,34,7.7,14,6.2,4.3,9.1,1,40,2,6.4,20,9,14,happy
12,9,late,1,9,18,9,38,7.1,20,6.4,3.8,8.6,1,45,2,7.5,20,9,18,neutral
12,10,late,2,9,11,9,11,6.7,11,7.5,4.1,7.9,1,35,0,3.4,0,9,11,neutral
12,11,late,3,9,7,9,7,4.5,17,3.4,3.4,2.7,1,28,0,4.6,0,8,7,sad
12,12,late,4,9,4,9,4,7.2,9,4.6,5.0,5.5,1,16,0,3.7,0,8,4,neutral
12,13,late,5,10,34,10,54,6.4,8,3.7,4.0,5.5,1,42,2,3.2,20,11,34,sad
12,14,late,6,10,6,10,6,6.0,0,3.2,3.6,4.8,1,7,0,5.7,0,9,6,neutral
12,15,late,0,9,35,9,35,6.7,3,5.7,3.4,6.0,0,58,0,5.2,0,9,35,happy
12,16,late,1,9,2,9,2,5.1,0,5.2,3.9,6.1,0,52,0,6.9,0,8,2,neutral
12,17,late,2,9,38,9,48,6.2,8,6.9,3.5,8.7,1,12,1,4.2,10,9,38,happy
12,18,late,3,9,22,9,52,6.3,2,4.2,3.0,4.9,1,4,3,4.8,30,8,22,neutral
12,19,late,4,9,44,9,54,6.7,0,4.8,2.8,8.2,0,17,1,3.3,10,10,44,neutral
12,20,late,5,10,25,10,35,7.0,0,3.3,2.4,4.4,1,10,1,6.4,10,11,25,sad
12,21,late,6,10,37,10,37,7.0,4,6.4,3.4,5.4,0,51,0,5.1,0,10,37,neutral
12,22,late,0,9,21,9,41,7.4,9,5.1,3.0,5.8,1,51,2,6.1,20,10,21,sad
12,23,late,1,9,39,9,49,8.3,18,6.1,2.5,7.8,1,26,1,6.0,10,9,39,happy
12,24,late,2,9,15,9,25,8.3,25,6.0,2.2,7.8,0,50,1,6.9,10,9,15,neutral
12,25,late,3,9,18,9,18,5.3,17,6.9,2.1,5.4,1,25,0,6.9,0,9,18,neutral
12,26,late,4,9,3,9,3,6.6,13,6.9,1.8,7.5,1,53,0,4.2,0,9,3,sad
12,27,late,5,10,25,10,45,4.9,9,4.2,2.6,4.7,0,33,2,6.8,20,9,25,neutral
12,28,late,6,10,17,10,47,6.5,3,6.8,2.4,7.2,1,45,3,7.1,30,10,17,neutral
12,29,late,0,9,40,9,40,6.6,10,7.1,1.9,5.7,1,24,0,5.6,0,9,40,happy
13,1,early,0,6,22,6,22,8.5,31,5.8,6.0,8.3,1,30,0,4.7,0,6,22,neutral
13,2,early,1,6,55,6,55,7.3,23,4.7,5.4,6.6,0,39,0,4.3,0,5,55,neutral
13,3,early,2,6,4,6,14,7.3,24,4.3,5.6,5.0,1,55,1,4.4,10,7,4,neutral
13,4,early,3,6,42,6,42,7.8,28,4.4,5.6,3.9,1,6,0,3.0,0,5,42,neutral
13,5,early,4,6,28,6,28,6.4,28,3.0,4.5,4.8,0,1,0,5.0,0,5,28,sad
13,6,early,5,7,54,7,54,7.5,19,5.0,4.2,6.3,1,51,0,6.3,0,6,54,neutral
13,7,early,6,7,47,7,47,5.6,22,6.3,3.6,7.2,1,21,0,5.9,0,7,47,happy
13,8,early,0,6,11,6,11,7.9,27,5.9,3.2,9.0,1,37,0,6.4,0,6,11,sad
13,9,early,1,6,21,6,21,5.6,28,6.4,3.0,10.0,1,36,0,5.9,0,6,21,neutral
13,10,early,2,6,52,7,2,6.3,26,5.9,2.3,7.5,1,59,1,4.9,10,6,52,neutral
13,11,early,3,6,16,6,16,7.7,31,4.9,2.5,6.4,1,35,0,6.3,0,5,16,neutral
13,12,early,4,6,29,6,29,8.0,34,6.3,2.4,6.0,0,29,0,4.3,0,6,29,neutral
13,13,early,5,7,27,7,37,5.5,30,4.3,2.5,5.3,1,54,1,3.6,10,6,27,sad
13,14,early,6,7,11,7,11,6.8,30,3.6,2.6,5.6,0,5,0,4.3,0,8,11,sad
13,15,early,0,6,19,6,49,6.1,40,4.3,3.1,6.4,1,38,3,4.1,30,7,19,neutral
13,16,early,1,6,21,6,31,6.0,38,4.1,1.4,6.6,1,0,1,7.3,10,7,21,neutral
13,17,early,2,6,46,6,46,7.9,40,7.3,1.0,9.1,0,33,0,5.1,0,6,46,happy
13,18,early,3,6,32,7,2,5.3,48,5.1,1.2,7.7,0,4,3,7.2,30,5,32,neutral
13,19,early,4,6,51,7,1,5.3,49,7.2,1.1,7.3,1,52,1,6.9,10,6,51,neutral
13,20,early,5,7,17,7,17,6.6,48,6.9,0.5,8.4,0,1,0,6.5,0,7,17,happy
13,21,early,6,7,28,7,28,6.2,51,6.5,1.0,6.4,1,10,0,6.1,0,7,28,neutral
13,22,early,0,6,8,6,18,8.8,57,6.1,1.5,4.5,1,51,1,6.6,10,6,8,sad
13,23,early,1,6,32,6,42,5.9,58,6.6,1.4,8.2,1,2,1,8.5,10,6,32,neutral
13,24,early,2,6,26,6,26,6.7,66,8.5,1.0,8.4,0,52,0,6.2,0,6,26,happy
13,25,early,3,6,35,7,5,6.9,60,6.2,1.3,8.8,1,36,3,5.2,30,6,35,sad
13,26,early,4,6,53,6,53,8.0,52,5.2,0.4,7.5,0,7,0,7.0,0,7,53,neutral
13,27,early,5,7,51,8,1,5.1,47,7.0,0.4,8.0,1,13,1,6.5,10,7,51,neutral
13,28,early,6,7,13,7,13,4.2,41,6.5,0.6,6.9,0,55,0,6.4,0,7,13,happy
13,29,early,0,6,32,6,42,6.0,43,6.4,0.3,8.6,1,48,1,4.9,10,6,32,sad
14,1,late,0,9,10,9,20,7.5,68,6.6,5.0,8.7,0,24,1,7.1,10,9,10,happy
14,2,late,1,9,15,9,15,5.9,72,7.1,4.5,7.3,1,40,0,3.7,0,9,15,happy
14,3,late,2,9,14,9,34,4.9,80,3.7,4.9,6.6,1,34,2,4.1,20,10,14,neutral
14,4,late,3,9,56,9,56,6.0,81,4.1,4.5,7.1,0,34,0,4.0,0,8,56,neutral
14,5,late,4,9,6,9,6,5.9,88,4.0,4.4,6.3,0,11,0,6.6,0,8,6,happy
14,6,late,5,10,39,10,39,5.1,80,6.6,4.6,7.3,0,48,0,2.7,0,10,39,neutral
14,7,late,6,10,33,10,53,4.8,80,2.7,4.6,5.3,1,22,2,4.7,20,11,33,neutral
14,8,late,0,9,3,9,3,6.9,89,4.7,4.5,7.8,0,17,0,3.3,0,10,3,happy
14,9,late,1,9,53,10,3,6.1,90,3.3,4.9,5.7,1,26,1,5.1,10,10,53,neutral
14,10,late,2,9,47,9,47,4.2,90,5.1,5.1,6.7,0,38,0,4.0,0,9,47,sad
14,11,late,3,9,18,9,28,6.3,86,4.0,4.8,7.2,1,48,1,5.2,10,8,18,sad
14,12,late,4,9,12,9,12,5.5,86,5.2,5.0,7.1,0,19,0,5.0,0,9,12,neutral
14,13,late,5,10,43,10,53,7.0,80,5.0,4.6,8.0,1,14,1,3.6,10,10,43,sad
14,14,late,6,10,15,10,35,5.9,73,3.6,4.5,4.9,0,40,2,5.6,20,11,15,neutral
14,15,late,0,9,33,9,33,5.8,82,5.6,5.0,6.5,1,55,0,4.1,0,9,33,sad
14,16,late,1,9,19,9,19,6.0,84,4.1,5.7,4.9,0,19,0,4.9,0,10,19,sad
14,17,late,2,9,54,10,4,7.7,86,4.9,5.3,7.5,1,42,1,4.7,10,10,54,neutral
14,18,late,3,9,9,9,19,5.3,76,4.7,6.0,7.6,0,40,1,5.3,10,10,9,neutral
14,19,late,4,9,33,9,33,6.2,71,5.3,5.8,7.4,1,16,0,4.8,0,9,33,sad
14,20,late,5,10,7,10,7,6.7,69,4.8,6.0,9.6,1,37,0,6.0,0,9,7,neutral
14,21,late,6,10,40,11,0,4.5,77,6.0,5.6,8.8,1,13,2,3.9,20,10,40,neutral
14,22,late,0,9,21,9,21,5.0,68,3.9,5.5,6.3,1,3,0,5.8,0,8,21,neutral
14,23,late,1,9,57,10,27,6.6,69,5.8,6.2,7.8,1,34,3,5.3,30,9,57,neutral
14,24,late,2,9,15,9,25,4.3,77,5.3,5.8,9.4,1,0,1,3.2,10,9,15,sad
14,25,late,3,9,1,9,21,5.8,77,3.2,5.9,5.2,1,25,2,3.8,20,8,1,neutral
14,26,late,4,9,58,9,58,6.5,79,3.8,5.8,4.8,1,5,0,8.4,0,10,58,sad
14,27,late,5,10,28,10,28,5.4,82,8.4,5.8,5.3,1,41,0,7.0,0,10,28,neutral
14,28,late,6,10,46,10,46,5.9,74,7.0,5.6,6.8,1,19,0,6.4,0,10,46,happy
14,29,late,0,9,6,9,26,6.0,81,6.4,5.8,8.1,1,29,2,2.8,20,9,6,happy
15,1,early,0,5,30,5,30,6.7,86,2.2,5.7,6.0,1,53,0,4.5,0,6,30,sad
15,2,early,1,5,54,6,14,7.9,82,4.5,5.4,5.8,0,17,2,3.5,20,5,54,sad
15,3,early,2,5,7,5,7,8.3,87,3.5,5.9,6.5,1,47,0,3.6,0,5,7,sad
15,4,early,3,5,44,5,54,5.5,90,3.6,6.2,6.8,1,1,1,4.4,10,5,44,sad
15,5,early,4,5,22,5,32,7.3,89,4.4,5.4,6.3,0,10,1,2.6,10,5,22,happy
15,6,early,5,6,1,6,21,7.2,90,2.6,5.8,7.0,0,20,2,5.7,20,5,1,sad
15,7,early,6,6,23,6,23,7.3,84,5.7,6.6,8.4,0,58,0,1.6,0,6,23,sad
15,8,early,0,5,6,5,26,7.8,76,1.6,6.4,2.9,1,18,2,3.5,20,6,6,neutral
15,9,early,1,5,33,5,33,7.9,85,3.5,6.1,5.6,0,49,0,4.8,0,5,33,sad
15,10,early,2,5,59,5,59,6.7,90,4.8,6.9,6.1,1,16,0,3.0,0,5,59,happy
15,11,early,3,5,59,6,9,7.9,90,3.0,6.9,5.4,1,18,1,4.0,10,4,59,sad
15,12,early,4,5,53,6,3,6.7,90,4.0,7.4,5.4,0,9,1,5.9,10,5,53,neutral
15,13,early,5,6,52,6,52,6.4,87,5.9,6.7,7.4,1,27,0,6.0,0,6,52,neutral
15,14,early,6,6,55,7,5,7.2,90,6.0,7.1,5.0,1,25,1,5.3,10,6,55,neutral
15,15,early,0,5,55,5,55,5.2,90,5.3,7.4,6.8,1,22,0,2.7,0,5,55,neutral
15,16,early,1,5,41,5,41,7.2,90,2.7,8.0,5.9,1,47,0,3.3,0,6,41,sad
15,17,early,2,5,17,5,17,7.4,90,3.3,8.2,6.2,1,40,0,3.2,0,4,17,sad
15,18,early,3,5,55,5,55,7.6,90,3.2,8.4,7.8,1,58,0,3.7,0,4,55,sad
15,19,early,4,5,30,5,30,6.6,90,3.7,9.0,6.6,1,20,0,2.4,0,5,30,neutral
15,20,early,5,6,16,6,36,5.7,86,2.4,9.1,6.4,0,59,2,1.3,20,7,16,sad
15,21,early,6,6,30,6,30,8.2,90,1.3,8.9,5.1,1,15,0,2.7,0,7,30,sad
15,22,early,0,5,44,5,44,7.2,90,2.7,9.4,6.1,1,36,0,4.2,0,4,44,sad
15,23,early,1,5,1,5,1,6.3,90,4.2,9.8,6.2,1,26,0,1.6,0,5,1,neutral
15,24,early,2,5,55,5,55,6.2,90,1.6,10.0,3.4,1,22,0,2.9,0,4,55,neutral
15,25,early,3,5,17,5,17,7.1,90,2.9,9.4,7.0,0,53,0,2.9,0,6,17,neutral
15,26,early,4,5,5,5,5,6.7,83,2.9,9.3,8.2,1,8,0,3.0,0,4,5,sad
15,27,early,5,6,54,6,54,8.3,75,3.0,9.3,6.5,1,17,0,3.3,0,7,54,sad
15,28,early,6,6,5,6,5,7.2,68,3.3,10.0,4.1,0,35,0,1.0,0,7,5,neutral
15,29,early,0,5,11,5,31,7.6,64,1.0,9.6,5.6,1,3,2,2.0,20,4,11,neutral
16,1,standard,0,6,44,6,44,8.6,80,4.2,4.4,7.5,0,56,0,5.3,0,7,44,neutral
16,2,standard,1,6,37,6,47,7.9,73,5.3,4.7,8.9,1,54,1,2.7,10,5,37,sad
16,3,standard,2,6,46,7,16,7.8,76,2.7,3.9,3.8,1,23,3,6.0,30,5,46,sad
16,4,standard,3,6,49,6,49,7.1,81,6.0,3.6,6.7,1,37,0,2.1,0,6,49,neutral
16,5,standard,4,6,57,6,57,8.2,90,2.1,4.2,3.7,1,18,0,4.7,0,7,57,sad
16,6,standard,5,7,17,7,17,6.6,90,4.7,3.7,5.2,0,10,0,4.4,0,6,17,sad
16,7,standard,6,7,9,7,19,5.3,88,4.4,3.9,6.4,1,37,1,6.0,10,6,9,happy
16,8,standard,0,6,52,7,12,8.5,90,6.0,3.3,6.8,0,25,2,5.2,20,6,52,neutral
16,9,standard,1,6,21,6,21,8.6,80,5.2,2.8,6.6,1,34,0,4.6,0,5,21,happy
16,10,standard,2,6,4,6,14,6.2,77,4.6,3.2,5.7,0,53,1,5.0,10,5,4,neutral
16,11,standard,3,6,11,6,31,7.9,80,5.0,2.7,4.8,0,43,2,5.2,20,7,11,neutral
16,12,standard,4,6,19,6,19,6.5,81,5.2,2.7,6.2,1,47,0,5.9,0,5,19,neutral
16,13,standard,5,7,53,7,53,7.3,83,5.9,3.2,8.7,1,59,0,6.7,0,7,53,happy
16,14,standard,6,7,30,7,50,7.2,74,6.7,3.8,9.1,0,10,2,5.6,20,7,30,neutral
16,15,standard,0,6,14,6,14,7.9,70,5.6,3.8,6.9,1,35,0,3.1,0,6,14,neutral
16,16,standard,1,6,49,6,59,6.4,80,3.1,2.9,6.7,1,36,1,6.0,10,5,49,sad
16,17,standard,2,6,16,6,16,8.5,70,6.0,2.7,7.0,0,55,0,6.7,0,6,16,happy
16,18,standard,3,6,11,6,21,8.7,77,6.7,2.3,10.0,1,19,1,8.6,10,6,11,neutral
16,19,standard,4,6,55,7,5,8.5,86,8.6,1.8,8.8,1,40,1,8.5,10,6,55,happy
16,20,standard,5,7,32,7,32,7.9,79,8.5,1.3,7.2,1,30,0,6.0,0,7,32,happy
16,21,standard,6,7,30,7,40,6.7,77,6.0,1.3,5.9,0,46,1,6.9,10,7,30,neutral
16,22,standard,0,6,24,6,24,7.3,76,6.9,2.1,6.9,1,33,0,3.7,0,6,24,happy
16,23,standard,1,6,47,6,47,7.1,70,3.7,1.8,7.5,1,3,0,6.2,0,5,47,neutral
16,24,standard,2,6,15,6,35,6.2,80,6.2,1.7,6.8,0,52,2,5.6,20,6,15,neutral
16,25,standard,3,6,36,6,36,8.2,83,5.6,1.9,6.3,1,16,0,4.8,0,6,36,happy
16,26,standard,4,6,36,6,36,8.4,76,4.8,2.2,4.2,0,9,0,5.9,0,5,36,neutral
16,27,standard,5,7,12,7,12,8.0,78,5.9,3.0,8.0,0,14,0,5.0,0,7,12,neutral
16,28,standard,6,7,8,7,18,6.9,78,5.0,3.3,8.1,1,41,1,4.8,10,8,8,neutral
16,29,standard,0,6,26,6,26,8.7,80,4.8,3.8,6.9,0,38,0,7.5,0,7,26,happy
17,1,standard,0,6,22,6,32,9.3,23,4.4,3.6,4.8,0,47,1,2.6,10,7,22,sad
17,2,standard,1,6,10,6,30,6.9,22,2.6,4.4,4.3,0,41,2,4.7,20,5,10,neutral
17,3,standard,2,6,33,6,33,7.6,19,4.7,4.0,5.6,1,58,0,5.3,0,7,33,neutral
17,4,standard,3,6,49,6,59,7.7,9,5.3,3.0,7.0,1,35,1,5.9,10,6,49,happy
17,5,standard,4,6,3,6,13,7.0,12,5.9,3.4,7.2,0,38,1,1.6,10,6,3,sad
17,6,standard,5,7,12,7,22,8.8,15,1.6,2.9,4.3,1,44,1,4.7,10,8,12,sad
17,7,standard,6,7,57,7,57,6.8,9,4.7,2.7,4.5,1,22,0,7.1,0,6,57,sad
17,8,standard,0,6,28,6,58,7.9,0,7.1,2.1,10.0,1,3,3,6.7,30,6,28,happy
17,9,standard,1,6,30,6,30,7.7,2,6.7,1.8,9.1,1,23,0,6.3,0,6,30,sad
17,10,standard,2,6,22,6,32,7.6,0,6.3,2.2,7.4,0,44,1,5.1,10,6,22,neutral
17,11,standard,3,6,17,6,17,8.1,0,5.1,2.7,5.6,1,56,0,4.4,0,6,17,happy
17,12,standard,4,6,9,6,19,6.0,9,4.4,3.0,6.2,1,32,1,6.7,10,5,9,happy
17,13,standard,5,7,54,7,54,7.1,1,6.7,2.3,10.0,1,52,0,6.0,0,7,54,neutral
17,14,standard,6,7,35,7,55,8.1,0,6.0,3.2,6.3,0,50,2,4.0,20,7,35,sad
17,15,standard,0,6,36,6,36,7.6,4,4.0,3.9,6.9,0,56,0,3.5,0,7,36,neutral
17,16,standard,1,6,33,6,33,7.7,0,3.5,4.7,5.3,1,23,0,6.3,0,7,33,sad
17,17,standard,2,6,42,6,42,6.3,0,6.3,4.5,10.0,1,9,0,4.2,0,6,42,sad
17,18,standard,3,6,47,6,47,8.0,0,4.2,4.6,6.3,1,21,0,6.2,0,5,47,neutral
17,19,standard,4,6,36,6,36,8.1,8,6.2,4.7,8.3,0,20,0,6.5,0,6,36,neutral
17,20,standard,5,7,11,7,31,6.7,15,6.5,4.9,9.0,1,0,2,4.9,20,7,11,happy
17,21,standard,6,7,46,7,56,8.0,24,4.9,5.0,7.2,1,27,1,6.0,10,7,46,happy
17,22,standard,0,6,19,6,29,6.6,25,6.0,4.4,8.2,1,16,1,2.7,10,6,19,sad
17,23,standard,1,6,14,6,14,6.7,31,2.7,4.8,5.7,0,18,0,3.4,0,5,14,neutral
17,24,standard,2,6,50,7,10,6.4,25,3.4,5.0,6.4,1,53,2,4.0,20,5,50,neutral
17,25,standard,3,6,8,6,28,6.1,18,4.0,5.2,6.6,0,29,2,2.8,20,7,8,sad
17,26,standard,4,6,43,6,43,7.3,19,2.8,4.8,5.6,1,31,0,3.1,0,5,43,sad
17,27,standard,5,7,24,7,34,8.8,22,3.1,5.3,5.7,0,18,1,6.1,10,8,24,sad
17,28,standard,6,7,31,7,41,7.7,27,6.1,5.3,6.2,0,5,1,4.8,10,7,31,happy
17,29,standard,0,6,6,6,26,7.0,20,4.8,5.2,5.3,0,31,2,4.0,20,6,6,neutral
18,1,late,0,9,55,10,5,7.0,71,5.4,6.5,8.9,1,10,1,4.0,10,9,55,neutral
18,2,late,1,9,11,9,21,6.5,78,4.0,6.8,8.4,0,38,1,3.9,10,10,11,happy
18,3,late,2,9,30,9,50,8.3,82,3.9,6.7,6.7,0,23,2,5.8,20,8,30,neutral
18,4,late,3,9,50,10,0,6.1,79,5.8,6.2,6.2,0,54,1,5.4,10,9,50,neutral
18,5,late,4,9,37,9,37,7.6,82,5.4,6.4,5.8,0,41,0,3.0,0,9,37,neutral
18,6,late,5,10,59,10,59,4.5,88,3.0,5.8,6.3,1,22,0,3.4,0,11,59,sad
18,7,late,6,10,36,10,36,7.8,82,3.4,5.5,7.5,1,17,0,3.9,0,11,36,sad
18,8,late,0,9,16,9,16,4.9,85,3.9,6.1,6.0,1,56,0,2.8,0,10,16,sad
18,9,late,1,9,42,9,42,7.7,81,2.8,6.0,5.4,1,6,0,2.4,0,10,42,sad
18,10,late,2,9,6,9,16,7.6,75,2.4,6.0,4.5,1,0,1,6.1,10,8,6,sad
18,11,late,3,9,41,9,41,8.2,70,6.1,6.0,6.9,1,7,0,6.5,0,9,41,neutral
18,12,late,4,9,22,9,22,6.0,72,6.5,6.0,7.4,1,16,0,1.9,0,9,22,sad
18,13,late,5,10,25,10,25,7.5,82,1.9,6.5,4.2,0,8,0,3.9,0,11,25,neutral
18,14,late,6,10,42,10,52,7.5,78,3.9,7.1,7.3,0,16,1,4.3,10,9,42,sad
18,15,late,0,9,28,9,38,6.2,88,4.3,7.0,8.2,1,34,1,6.1,10,9,28,neutral
18,16,late,1,9,2,9,2,6.2,89,6.1,7.4,7.7,1,13,0,4.5,0,9,2,neutral
18,17,late,2,9,27,9,27,7.1,88,4.5,8.2,4.0,0,58,0,4.0,0,9,27,sad
18,18,late,3,9,25,9,25,8.1,90,4.0,8.7,7.9,0,6,0,3.3,0,8,25,neutral
18,19,late,4,9,6,9,6,5.0,90,3.3,8.0,5.8,0,58,0,1.9,0,10,6,neutral
18,20,late,5,10,5,10,5,5.5,84,1.9,8.3,5.2,1,14,0,3.3,0,11,5,neutral
18,21,late,6,10,5,10,25,6.4,84,3.3,8.4,7.0,1,8,2,4.1,20,9,5,sad
18,22,late,0,9,24,9,34,7.0,88,4.1,8.3,6.5,1,48,1,3.0,10,9,24,neutral
18,23,late,1,9,55,9,55,6.4,79,3.0,8.6,8.0,1,14,0,3.7,0,8,55,neutral
18,24,late,2,9,1,9,1,7.2,89,3.7,8.3,7.1,1,40,0,4.9,0,8,1,sad
18,25,late,3,9,28,9,58,6.1,90,4.9,8.1,5.9,0,40,3,7.0,30,9,28,neutral
18,26,late,4,9,33,9,53,5.9,90,7.0,8.2,9.3,1,12,2,4.2,20,9,33,happy
18,27,late,5,10,40,10,50,7.5,90,4.2,8.1,7.1,0,8,1,4.6,10,10,40,neutral
18,28,late,6,10,26,10,26,7.8,90,4.6,8.5,7.9,1,44,0,1.6,0,10,26,neutral
18,29,late,0,9,54,10,4,6.0,87,1.6,9.2,5.7,1,13,1,3.4,10,8,54,neutral
19,1,late,0,8,23,8,33,6.6,16,7.3,4.3,9.7,0,15,1,6.0,10,8,23,happy
19,2,late,1,8,38,8,58,6.6,9,6.0,3.5,7.2,1,50,2,4.9,20,8,38,sad
19,3,late,2,8,21,8,21,5.5,9,4.9,3.8,6.8,1,21,0,6.7,0,9,21,neutral
19,4,late,3,8,15,8,15,6.7,7,6.7,4.8,9.0,0,27,0,4.0,0,8,15,neutral
19,5,late,4,8,4,8,14,6.4,0,4.0,5.1,6.5,1,3,1,6.3,10,9,4,neutral
19,6,late,5,9,21,9,21,5.5,0,6.3,5.0,10.0,1,21,0,7.0,0,9,21,sad
19,7,late,6,9,44,9,44,6.7,0,7.0,4.3,7.5,1,36,0,4.3,0,9,44,happy
19,8,late,0,8,47,8,47,4.9,1,4.3,4.7,7.8,0,15,0,4.2,0,9,47,happy
19,9,late,1,8,56,9,6,5.0,9,4.2,3.7,7.2,0,15,1,5.7,10,7,56,neutral
19,10,late,2,8,44,8,54,7.0,9,5.7,3.9,7.6,1,1,1,4.2,10,8,44,sad
19,11,late,3,8,7,8,17,6.0,8,4.2,4.2,8.2,1,34,1,5.4,10,7,7,neutral
19,12,late,4,8,19,8,29,5.6,2,5.4,3.7,4.8,0,6,1,8.0,10,9,19,neutral
19,13,late,5,9,35,9,35,6.0,3,8.0,3.6,8.1,1,45,0,5.9,0,9,35,happy
19,14,late,6,9,30,9,30,5.3,7,5.9,3.4,5.7,0,59,0,4.3,0,9,30,neutral
19,15,late,0,8,22,8,22,6.9,10,4.3,3.9,4.7,0,37,0,5.6,0,9,22,neutral
19,16,late,1,8,4,8,4,4.0,15,5.6,3.5,6.1,0,54,0,4.0,0,8,4,neutral
19,17,late,2,8,37,9,7,5.5,22,4.0,3.9,6.3,1,45,3,5.9,30,9,37,happy
19,18,late,3,8,21,8,21,6.7,16,5.9,4.0,5.6,1,38,0,5.7,0,8,21,neutral
19,19,late,4,8,21,8,41,5.0,25,5.7,4.1,6.2,1,34,2,5.8,20,8,21,neutral
19,20,late,5,9,36,9,36,6.3,32,5.8,3.3,7.0,1,35,0,5.4,0,9,36,happy
19,21,late,6,9,29,9,29,6.2,30,5.4,3.3,6.6,1,33,0,4.4,0,8,29,neutral
19,22,late,0,8,36,8,56,7.1,33,4.4,3.5,7.0,1,3,2,6.7,20,9,36,neutral
19,23,late,1,8,8,8,8,7.4,26,6.7,3.1,9.0,0,48,0,6.0,0,8,8,happy
19,24,late,2,8,45,9,5,5.9,30,6.0,3.2,6.4,0,50,2,4.8,20,8,45,sad
19,25,late,3,8,43,8,43,6.2,30,4.8,3.3,8.0,1,0,0,6.6,0,7,43,neutral
19,26,late,4,8,55,8,55,5.6,21,6.6,2.4,6.8,1,50,0,4.5,0,8,55,happy
19,27,late,5,9,31,9,41,4.7,25,4.5,2.1,5.7,1,24,1,7.0,10,8,31,neutral
19,28,late,6,9,1,9,1,5.5,19,7.0,2.5,8.3,0,20,0,4.3,0,9,1,happy
19,29,late,0,8,3,8,3,6.2,26,4.3,3.2,5.6,1,33,0,5.2,0,7,3,neutral
20,1,standard,0,7,17,7,27,8.0,21,5.4,6.5,6.8,0,29,1,3.6,10,7,17,neutral
20,2,standard,1,7,16,7,16,4.0,27,3.6,6.5,6.2,0,1,0,4.3,0,8,16,sad
20,3,standard,2,7,42,8,2,6.7,31,4.3,5.9,8.8,1,52,2,4.0,20,7,42,happy
20,4,standard,3,7,20,7,50,7.5,41,4.0,6.0,7.4,0,53,3,5.2,30,7,20,neutral
20,5,standard,4,7,5,7,5,6.6,45,5.2,6.1,5.5,0,57,0,4.1,0,7,5,neutral
20,6,standard,5,8,20,8,20,9.7,39,4.1,7.3,6.3,1,42,0,5.4,0,8,20,neutral
20,7,standard,6,8,23,8,43,7.3,37,5.4,7.2,9.3,0,39,2,4.6,20,8,23,neutral
20,8,standard,0,7,24,7,24,5.5,43,4.6,8.2,7.3,1,19,0,2.0,0,7,24,neutral
20,9,standard,1,7,48,7,58,6.8,47,2.0,8.0,5.4,0,2,1,2.9,10,6,48,sad
20,10,standard,2,7,6,7,6,6.5,41,2.9,8.6,4.3,1,16,0,4.0,0,6,6,sad
20,11,standard,3,7,14,7,14,6.2,34,4.0,8.6,6.9,1,15,0,5.1,0,7,14,happy
20,12,standard,4,7,59,7,59,6.5,42,5.1,8.5,8.3,1,11,0,3.8,0,7,59,neutral
20,13,standard,5,8,49,8,59,7.5,48,3.8,8.6,5.7,0,25,1,1.6,10,9,49,neutral
20,14,standard,6,8,1,8,1,7.4,39,1.6,9.0,6.7,1,24,0,3.5,0,9,1,neutral
20,15,standard,0,7,46,8,6,7.1,32,3.5,8.7,8.1,0,53,2,4.7,20,6,46,sad
20,16,standard,1,7,32,7,32,7.3,26,4.7,8.8,8.3,1,25,0,4.4,0,7,32,neutral
20,17,standard,2,7,4,7,4,6.8,21,4.4,9.0,8.5,0,34,0,2.4,0,7,4,neutral
20,18,standard,3,7,31,7,41,7.1,16,2.4,8.4,7.3,0,37,1,0.9,10,8,31,sad
20,19,standard,4,7,35,7,45,6.0,19,0.9,7.9,6.1,1,47,1,3.7,10,8,35,neutral
20,20,standard,5,8,29,8,29,6.4,23,3.7,8.2,5.5,0,52,0,5.4,0,7,29,sad
20,21,standard,6,8,32,8,52,7.2,30,5.4,7.3,7.3,1,46,2,4.4,20,8,32,neutral
20,22,standard,0,7,32,7,52,7.0,39,4.4,7.7,9.5,1,7,2,3.5,20,7,32,neutral
20,23,standard,1,7,8,7,18,7.5,29,3.5,7.4,7.8,0,40,1,6.3,10,8,8,sad
20,24,standard,2,7,14,7,14,6.5,39,6.3,7.1,8.2,1,29,0,3.4,0,7,14,neutral
20,25,standard,3,7,43,7,43,8.2,32,3.4,7.8,5.7,1,46,0,4.0,0,6,43,sad
20,26,standard,4,7,22,7,22,7.3,29,4.0,8.0,6.6,0,22,0,3.7,0,7,22,neutral
20,27,standard,5,8,24,8,24,9.3,23,3.7,7.5,5.9,1,40,0,4.1,0,7,24,sad
20,28,standard,6,8,12,8,12,6.6,31,4.1,7.7,6.5,0,28,0,5.4,0,8,12,neutral
20,29,standard,0,7,8,7,8,7.0,40,5.4,7.2,10.0,1,14,0,2.3,0,7,8,sad
21,1,standard,0,8,0,8,10,7.1,16,3.8,4.8,9.7,0,0,1,6.6,10,9,0,sad
21,2,standard,1,8,12,8,22,7.2,26,6.6,4.5,9.4,0,5,1,7.8,10,8,12,neutral
21,3,standard,2,8,37,8,57,7.6,19,7.8,5.4,10.0,1,3,2,2.9,20,8,37,happy
21,4,standard,3,8,58,9,8,6.6,9,2.9,5.2,7.8,0,20,1,5.7,10,9,58,neutral
21,5,standard,4,8,28,8,28,6.4,3,5.7,4.9,9.3,0,11,0,6.2,0,8,28,neutral
21,6,standard,5,9,36,9,46,6.3,2,6.2,4.5,8.9,1,11,1,3.2,10,9,36,neutral
21,7,standard,6,9,44,9,44,7.5,1,3.2,4.9,7.5,1,16,0,2.2,0,8,44,sad
21,8,standard,0,8,2,8,2,7.8,0,2.2,5.8,5.6,1,59,0,5.7,0,9,2,neutral
21,9,standard,1,8,18,8,18,8.4,9,5.7,5.4,9.2,1,44,0,4.3,0,8,18,sad
21,10,standard,2,8,51,9,1,7.3,11,4.3,5.7,7.7,0,15,1,2.8,10,8,51,neutral
21,11,standard,3,8,16,8,36,8.8,8,2.8,6.1,6.2,0,44,2,2.5,20,7,16,sad
21,12,standard,4,8,5,8,25,6.3,4,2.5,6.5,7.1,0,0,2,2.5,20,9,5,sad
21,13,standard,5,9,19,9,19,7.1,0,2.5,6.7,4.9,0,35,0,4.3,0,8,19,sad
21,14,standard,6,9,3,9,13,10.0,0,4.3,6.6,7.5,0,43,1,5.8,10,9,3,happy
21,15,standard,0,8,28,8,28,8.5,0,5.8,7.3,8.2,0,17,0,5.0,0,8,28,happy
21,16,standard,1,8,25,8,25,7.8,0,5.0,7.3,8.6,0,11,0,2.7,0,8,25,neutral
21,17,standard,2,8,48,8,58,8.0,6,2.7,6.9,4.9,0,31,1,3.7,10,9,48,neutral
21,18,standard,3,8,48,9,8,8.4,13,3.7,6.9,5.8,1,44,2,4.2,20,7,48,sad
21,19,standard,4,8,16,8,16,5.4,19,4.2,6.5,6.6,1,14,0,3.2,0,8,16,neutral
21,20,standard,5,9,14,9,34,6.1,23,3.2,6.9,6.3,1,59,2,5.1,20,10,14,sad
21,21,standard,6,9,51,9,51,6.1,30,5.1,6.1,5.0,0,13,0,5.8,0,9,51,neutral
21,22,standard,0,8,31,8,41,7.5,28,5.8,7.1,8.0,1,37,1,3.8,10,8,31,neutral
21,23,standard,1,8,55,8,55,9.2,31,3.8,7.6,4.9,1,1,0,5.0,0,9,55,sad
21,24,standard,2,8,21,8,21,6.1,39,5.0,8.2,7.3,1,25,0,2.0,0,8,21,neutral
21,25,standard,3,8,13,8,13,6.8,38,2.0,8.1,6.2,1,45,0,0.4,0,9,13,sad
21,26,standard,4,8,0,8,0,6.0,39,0.4,9.0,4.2,1,30,0,4.2,0,9,0,neutral
21,27,standard,5,9,19,9,19,6.8,35,4.2,9.1,7.1,1,52,0,6.7,0,9,19,sad
21,28,standard,6,9,56,10,6,6.8,29,6.7,8.8,8.5,1,35,1,3.6,10,9,56,neutral
21,29,standard,0,8,10,8,10,7.2,22,3.6,8.8,7.4,1,20,0,2.5,0,9,10,sad
22,1,standard,0,8,40,9,0,7.9,62,5.6,3.3,7.9,1,48,2,4.8,20,8,40,happy
22,2,standard,1,8,0,8,0,6.8,66,4.8,3.4,7.1,1,1,0,5.6,0,7,0,happy
22,3,standard,2,8,43,8,43,6.1,63,5.6,3.6,6.0,1,58,0,3.8,0,8,43,neutral
22,4,standard,3,8,19,8,29,4.5,62,3.8,3.9,5.4,0,52,1,5.0,10,9,19,sad
22,5,standard,4,8,51,9,11,6.2,58,5.0,3.4,8.2,1,6,2,6.4,20,7,51,neutral
22,6,standard,5,9,2,9,2,7.0,59,6.4,3.4,7.1,1,54,0,6.3,0,9,2,neutral
22,7,standard,6,9,24,9,24,7.7,60,6.3,3.7,10.0,0,20,0,4.5,0,9,24,neutral
22,8,standard,0,8,56,9,6,7.1,59,4.5,3.4,4.4,0,21,1,5.3,10,7,56,happy
22,9,standard,1,8,42,8,42,6.1,63,5.3,3.3,7.1,1,48,0,3.4,0,9,42,neutral
22,10,standard,2,8,11,8,41,6.5,57,3.4,4.2,6.7,1,49,3,5.5,30,9,11,sad
22,11,standard,3,8,16,8,36,6.6,58,5.5,4.1,7.7,0,19,2,2.9,20,8,16,neutral
22,12,standard,4,8,22,8,22,5.4,68,2.9,3.2,3.8,1,1,0,4.2,0,7,22,sad
22,13,standard,5,9,34,9,44,5.7,72,4.2,3.4,5.1,0,24,1,4.0,10,8,34,sad
22,14,standard,6,9,4,9,14,8.9,67,4.0,2.7,5.3,1,20,1,6.2,10,10,4,happy
22,15,standard,0,8,29,8,39,6.2,59,6.2,3.2,3.2,1,29,1,4.9,10,8,29,sad
22,16,standard,1,8,11,8,11,5.6,69,4.9,2.7,7.4,1,31,0,5.7,0,9,11,neutral
22,17,standard,2,8,28,8,28,6.7,64,5.7,3.1,10.0,1,1,0,6.1,0,8,28,neutral
22,18,standard,3,8,32,8,32,6.7,54,6.1,2.9,6.6,0,58,0,5.2,0,8,32,happy
22,19,standard,4,8,15,8,35,5.4,50,5.2,3.2,7.2,0,10,2,5.8,20,9,15,neutral
22,20,standard,5,9,54,9,54,5.3,42,5.8,2.7,5.7,0,36,0,5.9,0,9,54,neutral
22,21,standard,6,9,18,9,18,6.7,40,5.9,2.7,6.2,1,15,0,6.1,0,9,18,neutral
22,22,standard,0,8,22,8,42,7.6,48,6.1,2.3,6.2,1,12,2,5.9,20,8,22,sad
22,23,standard,1,8,21,8,31,6.4,52,5.9,1.9,5.3,1,23,1,4.4,10,8,21,sad
22,24,standard,2,8,38,8,58,7.1,55,4.4,3.0,6.9,1,16,2,7.6,20,7,38,neutral
22,25,standard,3,8,17,8,27,7.0,57,7.6,2.7,8.0,0,52,1,3.0,10,8,17,happy
22,26,standard,4,8,42,8,52,5.7,60,3.0,2.7,5.6,0,31,1,5.5,10,9,42,sad
22,27,standard,5,9,22,9,32,5.9,54,5.5,2.4,7.3,1,43,1,6.6,10,9,22,neutral
22,28,standard,6,9,29,9,39,8.7,54,6.6,1.8,7.3,1,51,1,7.4,10,9,29,neutral
22,29,standard,0,8,44,8,54,5.0,54,7.4,1.2,8.6,1,27,1,7.4,10,8,44,happy
23,1,late,0,8,18,8,18,7.4,23,6.4,4.4,6.8,0,47,0,5.1,0,8,18,neutral
23,2,late,1,8,5,8,5,5.1,15,5.1,4.9,5.8,1,0,0,3.8,0,7,5,neutral
23,3,late,2,8,8,8,18,6.5,25,3.8,4.9,7.0,1,19,1,6.2,10,9,8,sad
23,4,late,3,8,38,8,38,6.8,27,6.2,4.6,9.3,0,57,0,5.8,0,8,38,sad
23,5,late,4,8,28,8,28,7.2,21,5.8,4.3,7.1,0,24,0,4.8,0,8,28,neutral
23,6,late,5,9,12,9,42,6.1,11,4.8,4.1,5.0,0,21,3,6.0,30,10,12,neutral
23,7,late,6,9,57,9,57,6.7,11,6.0,3.3,8.5,1,9,0,6.2,0,9,57,neutral
23,8,late,0,8,21,8,21,7.8,14,6.2,3.0,7.3,1,22,0,6.8,0,8,21,neutral
23,9,late,1,8,22,8,22,6.9,14,6.8,2.8,9.9,0,52,0,5.9,0,8,22,sad
23,10,late,2,8,23,8,33,7.2,14,5.9,3.4,6.8,0,18,1,3.5,10,8,23,neutral
23,11,late,3,8,22,8,22,7.0,14,3.5,2.2,4.5,0,2,0,6.1,0,7,22,neutral
23,12,late,4,8,46,8,46,7.6,20,6.1,1.9,7.5,0,32,0,6.2,0,8,46,neutral
23,13,late,5,9,34,9,34,4.9,15,6.2,2.0,7.3,0,13,0,4.8,0,9,34,sad
23,14,late,6,9,51,10,21,7.4,24,4.8,2.3,5.6,1,42,3,7.5,30,10,51,happy
23,15,late,0,8,31,8,31,6.6,26,7.5,2.8,9.7,0,29,0,4.4,0,8,31,neutral
23,16,late,1,8,54,8,54,6.8,21,4.4,3.3,8.6,1,8,0,5.5,0,7,54,happy
23,17,late,2,8,23,8,33,6.7,18,5.5,2.7,5.1,1,56,1,6.2,10,7,23,neutral
23,18,late,3,8,6,8,6,5.1,13,6.2,2.9,7.2,1,57,0,5.4,0,8,6,happy
23,19,late,4,8,46,8,56,4.9,5,5.4,2.0,5.0,1,54,1,6.0,10,7,46,happy
23,20,late,5,9,31,9,31,5.2,11,6.0,2.1,5.3,0,44,0,6.6,0,9,31,sad
23,21,late,6,9,21,9,41,5.8,10,6.6,2.1,8.7,1,52,2,6.9,20,9,21,neutral
23,22,late,0,8,53,8,53,6.6,13,6.9,2.7,8.9,1,43,0,4.8,0,8,53,neutral
23,23,late,1,8,4,8,24,5.6,9,4.8,2.4,9.2,0,58,2,7.4,20,9,4,neutral
23,24,late,2,8,50,9,10,5.8,3,7.4,2.8,8.1,0,57,2,5.2,20,8,50,happy
23,25,late,3,8,27,8,37,5.5,7,5.2,3.3,6.8,0,22,1,5.4,10,9,27,sad
23,26,late,4,8,4,8,14,7.6,0,5.4,3.1,6.3,1,26,1,6.6,10,9,4,neutral
23,27,late,5,9,46,9,46,7.0,1,6.6,3.9,9.1,0,46,0,4.0,0,9,46,neutral
23,28,late,6,9,30,9,50,8.4,0,4.0,4.8,6.6,0,18,2,6.8,20,8,30,happy
23,29,late,0,8,56,9,16,5.5,0,6.8,4.8,6.9,1,36,2,5.1,20,8,56,sad
24,1,standard,0,6,32,6,42,5.5,29,2.4,6.5,6.4,0,29,1,4.3,10,7,32,sad
24,2,standard,1,6,49,6,49,7.9,24,4.3,7.0,7.7,1,23,0,4.2,0,7,49,neutral
24,3,standard,2,6,43,6,43,6.2,21,4.2,7.3,7.9,0,12,0,2.8,0,7,43,sad
24,4,standard,3,6,49,6,59,6.4,29,2.8,7.3,4.5,0,25,1,3.9,10,7,49,sad
24,5,standard,4,6,27,6,37,6.1,34,3.9,6.4,6.1,0,31,1,2.8,10,5,27,neutral
24,6,standard,5,7,36,7,36,6.9,28,2.8,6.4,5.5,1,19,0,2.3,0,8,36,sad
24,7,standard,6,7,38,7,38,6.3,33,2.3,5.8,4.2,1,12,0,8.4,0,8,38,sad
24,8,standard,0,6,32,6,42,6.6,37,8.4,6.6,10.0,1,22,1,3.4,10,6,32,neutral
24,9,standard,1,6,51,7,1,5.7,34,3.4,6.6,5.6,1,36,1,3.8,10,7,51,neutral
24,10,standard,2,6,33,6,43,7.0,26,3.8,6.9,4.7,0,37,1,3.5,10,5,33,sad
24,11,standard,3,6,2,6,12,5.8,17,3.5,6.7,5.2,1,18,1,3.3,10,7,2,sad
24,12,standard,4,6,47,7,7,6.7,23,3.3,6.0,5.4,0,56,2,4.9,20,5,47,sad
24,13,standard,5,7,42,8,2,6.8,20,4.9,5.6,3.8,1,42,2,4.4,20,7,42,neutral
24,14,standard,6,7,36,7,56,7.1,25,4.4,5.8,7.1,0,31,2,6.7,20,6,36,happy
24,15,standard,0,6,14,6,14,4.4,22,6.7,5.2,8.9,0,56,0,4.3,0,6,14,happy
24,16,standard,1,6,53,7,3,6.5,22,4.3,5.2,8.9,0,28,1,5.8,10,7,53,sad
24,17,standard,2,6,31,6,51,5.8,21,5.8,5.9,10.0,0,31,2,5.0,20,6,31,neutral
24,18,standard,3,6,58,7,8,6.6,21,5.0,6.0,9.4,1,39,1,7.4,10,6,58,happy
24,19,standard,4,6,37,6,47,5.9,27,7.4,6.2,7.9,1,4,1,4.3,10,6,37,happy
24,20,standard,5,7,54,8,14,6.8,19,4.3,5.9,5.7,1,9,2,5.1,20,6,54,neutral
24,21,standard,6,7,48,8,8,6.5,26,5.1,6.1,7.0,0,31,2,3.9,20,7,48,neutral
24,22,standard,0,6,23,6,23,6.2,35,3.9,6.5,4.5,1,53,0,3.3,0,5,23,neutral
24,23,standard,1,6,27,6,27,6.7,34,3.3,7.1,5.1,1,3,0,2.1,0,5,27,sad
24,24,standard,2,6,7,6,7,7.6,39,2.1,6.6,3.9,0,49,0,6.3,0,7,7,sad
24,25,standard,3,6,5,6,25,6.3,40,6.3,6.3,9.0,0,27,2,8.5,20,6,5,happy
24,26,standard,4,6,8,6,28,6.7,42,8.5,6.2,8.9,0,15,2,5.1,20,6,8,happy
24,27,standard,5,7,42,7,42,8.5,38,5.1,6.0,8.8,1,28,0,2.4,0,7,42,sad
24,28,standard,6,7,4,7,14,6.0,37,2.4,6.5,6.7,1,48,1,5.4,10,6,4,sad
24,29,standard,0,6,26,6,26,5.0,35,5.4,7.0,7.2,0,13,0,3.3,0,6,26,happy
25,1,standard,0,6,46,6,56,7.9,8,2.7,7.6,7.3,0,18,1,2.3,10,7,46,sad
25,2,standard,1,6,46,6,46,6.5,8,2.3,7.6,5.2,0,58,0,4.1,0,5,46,sad
25,3,standard,2,6,53,7,3,8.2,11,4.1,8.4,7.1,1,43,1,2.3,10,6,53,sad
25,4,standard,3,6,22,6,22,6.9,10,2.3,9.0,8.0,1,17,0,6.1,0,5,22,sad
25,5,standard,4,6,12,6,42,7.6,18,6.1,9.0,9.6,0,49,3,4.3,30,6,12,neutral
25,6,standard,5,7,6,7,16,7.7,15,4.3,8.5,7.8,1,49,1,2.0,10,7,6,neutral
25,7,standard,6,7,43,8,3,5.4,24,2.0,8.9,5.7,1,42,2,3.8,20,6,43,sad
25,8,standard,0,6,19,6,19,6.5,22,3.8,8.8,7.6,1,12,0,3.4,0,7,19,sad
25,9,standard,1,6,14,6,14,6.7,23,3.4,8.2,4.9,0,57,0,3.6,0,7,14,sad
25,10,standard,2,6,46,6,56,7.8,15,3.6,8.3,7.5,0,23,1,5.0,10,5,46,sad
25,11,standard,3,6,33,6,53,5.9,20,5.0,7.5,7.7,0,17,2,2.6,20,6,33,neutral
25,12,standard,4,6,43,6,43,6.4,16,2.6,7.1,5.5,0,50,0,5.6,0,5,43,sad
25,13,standard,5,7,58,8,8,7.6,20,5.6,7.3,7.6,0,33,1,4.8,10,7,58,neutral
25,14,standard,6,7,5,7,5,6.9,26,4.8,7.0,7.0,0,8,0,2.9,0,7,5,neutral
25,15,standard,0,6,57,7,17,7.2,19,2.9,7.5,5.1,0,10,2,4.0,20,7,57,sad
25,16,standard,1,6,59,7,9,6.4,10,4.0,7.2,7.0,1,52,1,1.6,10,6,59,happy
25,17,standard,2,6,50,7,0,7.2,15,1.6,7.0,7.1,1,37,1,3.8,10,7,50,sad
25,18,standard,3,6,1,6,11,5.6,16,3.8,6.9,5.9,0,51,1,4.3,10,7,1,sad
25,19,standard,4,6,14,6,24,5.7,7,4.3,6.6,7.4,1,13,1,4.3,10,6,14,neutral
25,20,standard,5,7,3,7,3,7.9,7,4.3,6.8,4.8,1,40,0,5.6,0,7,3,neutral
25,21,standard,6,7,40,7,50,6.8,14,5.6,7.2,9.4,0,52,1,5.3,10,7,40,neutral
25,22,standard,0,6,22,6,32,6.2,10,5.3,7.3,8.8,0,44,1,2.2,10,6,22,neutral
25,23,standard,1,6,57,7,17,6.2,18,2.2,8.2,2.1,1,39,2,2.6,20,5,57,neutral
25,24,standard,2,6,42,6,52,6.7,23,2.6,8.2,4.9,1,58,1,4.2,10,5,42,sad
25,25,standard,3,6,17,6,27,6.8,25,4.2,8.7,6.2,0,23,1,5.8,10,6,17,happy
25,26,standard,4,6,20,6,40,5.9,15,5.8,8.7,9.0,1,11,2,3.6,20,6,20,neutral
25,27,standard,5,7,53,8,3,7.7,10,3.6,9.1,4.5,0,56,1,5.6,10,8,53,sad
25,28,standard,6,7,10,7,10,6.7,3,5.6,9.0,7.0,1,10,0,4.7,0,7,10,neutral
25,29,standard,0,6,23,6,43,7.8,7,4.7,8.2,7.0,0,47,2,4.4,20,6,23,neutral
26,1,standard,0,7,14,7,24,7.2,90,5.4,0.0,4.8,0,27,1,6.2,10,8,14,neutral
26,2,standard,1,7,10,7,10,6.5,90,6.2,0.2,6.2,1,19,0,7.4,0,7,10,happy
26,3,standard,2,7,48,7,48,6.9,88,7.4,0.3,8.4,1,52,0,5.4,0,7,48,happy
26,4,standard,3,7,28,7,48,7.5,87,5.4,0.8,5.8,0,37,2,6.7,20,6,28,neutral
26,5,standard,4,7,53,8,13,7.6,89,6.7,1.1,8.1,0,27,2,6.6,20,7,53,happy
26,6,standard,5,8,46,8,56,6.7,83,6.6,0.5,6.1,1,27,1,7.0,10,8,46,neutral
26,7,standard,6,8,52,8,52,7.0,83,7.0,0.0,9.5,1,2,0,5.1,0,8,52,happy
26,8,standard,0,7,40,7,40,5.9,90,5.1,0.0,5.7,0,9,0,7.8,0,8,40,happy
26,9,standard,1,7,35,7,35,6.5,88,7.8,0.7,5.5,1,25,0,5.7,0,7,35,neutral
26,10,standard,2,7,50,7,50,6.2,90,5.7,0.8,5.1,0,22,0,6.8,0,6,50,neutral
26,11,standard,3,7,16,7,26,5.0,83,6.8,0.7,10.0,0,50,1,4.4,10,7,16,neutral
26,12,standard,4,7,23,7,43,8.6,77,4.4,0.8,4.8,0,17,2,3.0,20,8,23,neutral
26,13,standard,5,8,49,9,9,6.4,83,3.0,0.8,4.7,1,30,2,5.4,20,9,49,sad
26,14,standard,6,8,24,8,54,6.5,82,5.4,0.5,6.6,1,22,3,5.3,30,9,24,sad
26,15,standard,0,7,40,7,40,5.5,85,5.3,0.7,5.5,1,34,0,4.6,0,8,40,neutral
26,16,standard,1,7,46,8,6,6.1,86,4.6,0.9,4.1,1,9,2,9.7,20,6,46,sad
26,17,standard,2,7,14,7,24,7.8,79,9.7,1.7,10.0,0,16,1,6.3,10,7,14,neutral
26,18,standard,3,7,49,7,59,8.0,87,6.3,1.4,6.0,1,11,1,4.2,10,7,49,neutral
26,19,standard,4,7,18,7,38,9.1,84,4.2,1.7,4.4,0,47,2,6.2,20,8,18,neutral
26,20,standard,5,8,2,8,12,7.9,90,6.2,1.0,7.6,1,55,1,6.6,10,8,2,happy
26,21,standard,6,8,34,8,44,7.9,80,6.6,2.1,6.2,1,51,1,6.6,10,8,34,neutral
26,22,standard,0,7,36,7,36,5.6,79,6.6,2.1,8.2,1,58,0,7.5,0,7,36,neutral
26,23,standard,1,7,8,7,8,7.9,80,7.5,2.7,8.9,1,35,0,7.5,0,7,8,happy
26,24,standard,2,7,53,7,53,4.1,82,7.5,2.5,8.8,1,27,0,5.2,0,7,53,happy
26,25,standard,3,7,15,7,15,6.7,72,5.2,2.9,7.7,1,41,0,7.0,0,8,15,neutral
26,26,standard,4,7,5,7,5,4.7,64,7.0,1.9,9.6,0,32,0,6.4,0,7,5,happy
26,27,standard,5,8,34,8,34,6.6,72,6.4,1.2,7.4,1,33,0,7.6,0,8,34,happy
26,28,standard,6,8,52,8,52,7.3,70,7.6,0.0,6.3,0,19,0,6.8,0,8,52,neutral
26,29,standard,0,7,5,7,5,6.2,79,6.8,0.6,4.8,1,59,0,3.7,0,7,5,neutral
27,1,late,0,9,3,9,13,6.2,32,7.2,0.5,6.8,1,41,1,7.2,10,9,3,happy
27,2,late,1,9,12,9,22,6.8,28,7.2,0.2,8.4,1,27,1,5.0,10,9,12,happy
27,3,late,2,9,38,9,58,6.9,24,5.0,0.9,6.4,0,44,2,6.1,20,9,38,neutral
27,4,late,3,9,58,9,58,8.6,20,6.1,1.3,8.8,0,48,0,6.8,0,9,58,happy
27,5,late,4,9,8,9,28,6.3,25,6.8,2.2,6.6,0,38,2,5.5,20,9,8,happy
27,6,late,5,10,15,10,15,6.5,32,5.5,2.5,10.0,0,58,0,5.3,0,10,15,neutral
27,7,late,6,10,49,10,49,7.5,29,5.3,3.1,5.2,0,2,0,2.4,0,10,49,happy
27,8,late,0,9,48,9,48,4.9,27,2.4,3.1,5.2,1,4,0,4.7,0,8,48,neutral
27,9,late,1,9,4,9,4,8.3,32,4.7,3.6,6.3,0,43,0,5.8,0,8,4,neutral
27,10,late,2,9,16,9,26,7.5,36,5.8,3.9,7.2,1,42,1,4.0,10,9,16,happy
27,11,late,3,9,17,9,47,7.7,40,4.0,3.8,6.0,0,14,3,7.2,30,10,17,neutral
27,12,late,4,9,21,9,21,7.4,49,7.2,3.9,7.1,0,10,0,6.3,0,9,21,happy
27,13,late,5,10,4,10,4,6.0,57,6.3,4.2,6.3,1,50,0,3.0,0,10,4,neutral
27,14,late,6,10,15,10,15,8.0,55,3.0,4.2,5.3,0,14,0,7.1,0,9,15,sad
27,15,late,0,9,56,9,56,7.3,55,7.1,4.3,6.4,1,53,0,4.2,0,9,56,neutral
27,16,late,1,9,34,9,44,8.8,64,4.2,4.7,6.5,0,34,1,5.2,10,10,34,neutral
27,17,late,2,9,23,9,33,6.1,65,5.2,5.2,6.4,0,41,1,4.7,10,9,23,happy
27,18,late,3,9,30,9,30,6.6,58,4.7,4.4,4.7,1,1,0,4.2,0,8,30,neutral
27,19,late,4,9,31,9,41,6.8,52,4.2,4.0,4.1,1,2,1,4.9,10,10,31,happy
27,20,late,5,10,39,10,39,7.9,58,4.9,3.5,5.3,1,7,0,2.1,0,10,39,neutral
27,21,late,6,10,45,10,45,7.2,60,2.1,4.5,5.1,1,2,0,4.3,0,9,45,neutral
27,22,late,0,9,3,9,3,6.8,55,4.3,4.5,5.6,0,57,0,5.4,0,8,3,neutral
27,23,late,1,9,58,10,28,8.3,64,5.4,4.6,6.5,1,22,3,2.8,30,9,58,neutral
27,24,late,2,9,45,9,45,6.2,61,2.8,4.4,3.7,1,38,0,4.1,0,8,45,sad
27,25,late,3,9,22,9,22,7.0,64,4.1,4.7,7.7,1,13,0,4.3,0,10,22,sad
27,26,late,4,9,6,9,26,6.9,74,4.3,5.8,5.5,0,41,2,3.7,20,10,6,neutral
27,27,late,5,10,40,10,40,6.7,74,3.7,5.8,7.2,0,7,0,3.8,0,9,40,neutral
27,28,late,6,10,3,10,33,7.3,79,3.8,5.6,7.1,0,15,3,2.7,30,11,3,sad
27,29,late,0,9,50,9,50,8.6,71,2.7,5.5,4.6,0,22,0,6.9,0,10,50,sad
28,1,standard,0,6,19,6,29,7.4,82,4.8,5.8,6.5,1,50,1,3.2,10,6,19,happy
28,2,standard,1,6,28,6,28,8.1,89,3.2,5.4,6.5,1,17,0,4.8,0,7,28,sad
28,3,standard,2,6,53,6,53,7.8,79,4.8,5.4,5.2,0,49,0,4.6,0,6,53,happy
28,4,standard,3,6,10,6,30,7.9,82,4.6,5.5,6.6,0,10,2,4.2,20,6,10,neutral
28,5,standard,4,6,43,6,43,7.1,84,4.2,5.2,6.2,1,3,0,1.7,0,7,43,neutral
28,6,standard,5,7,55,8,5,10.0,80,1.7,4.6,4.0,0,8,1,5.7,10,8,55,sad
28,7,standard,6,7,47,7,47,10.0,75,5.7,4.4,8.6,1,31,0,4.9,0,7,47,neutral
28,8,standard,0,6,22,6,32,7.7,71,4.9,5.0,7.1,0,1,1,4.5,10,6,22,neutral
28,9,standard,1,6,55,6,55,7.3,66,4.5,5.4,6.8,0,50,0,4.7,0,6,55,neutral
28,10,standard,2,6,39,6,39,6.7,68,4.7,5.1,5.1,1,57,0,5.8,0,6,39,neutral
28,11,standard,3,6,4,6,4,8.4,73,5.8,4.9,7.1,0,24,0,4.0,0,6,4,neutral
28,12,standard,4,6,15,6,25,7.6,75,4.0,5.5,8.0,1,39,1,1.9,10,5,15,happy
28,13,standard,5,7,59,8,29,7.7,84,1.9,5.4,3.2,1,15,3,4.4,30,8,59,sad
28,14,standard,6,7,57,7,57,7.4,78,4.4,5.7,9.0,1,41,0,2.0,0,6,57,neutral
28,15,standard,0,6,11,6,11,8.9,86,2.0,6.2,3.9,1,8,0,6.8,0,5,11,sad
28,16,standard,1,6,36,6,46,7.9,82,6.8,5.7,6.1,1,34,1,3.6,10,6,36,neutral
28,17,standard,2,6,42,6,52,7.1,82,3.6,5.4,6.4,0,58,1,6.4,10,5,42,sad
28,18,standard,3,6,59,7,19,7.4,85,6.4,5.2,8.5,0,34,2,3.0,20,6,59,neutral
28,19,standard,4,6,38,6,38,7.7,80,3.0,5.4,4.7,0,48,0,2.1,0,7,38,neutral
28,20,standard,5,7,18,7,38,8.9,72,2.1,5.1,5.8,1,38,2,3.6,20,8,18,sad
28,21,standard,6,7,14,7,14,8.9,69,3.6,5.0,5.1,1,30,0,4.8,0,6,14,sad
28,22,standard,0,6,57,7,7,9.4,68,4.8,4.8,4.8,0,15,1,4.9,10,6,57,neutral
28,23,standard,1,6,2,6,2,9.1,78,4.9,4.4,6.1,0,26,0,4.0,0,6,2,neutral
28,24,standard,2,6,59,7,9,8.1,71,4.0,4.1,4.7,1,30,1,5.5,10,5,59,happy
28,25,standard,3,6,30,6,30,7.1,68,5.5,4.1,6.5,0,46,0,4.9,0,6,30,happy
28,26,standard,4,6,53,7,3,6.4,66,4.9,3.5,5.5,1,12,1,6.9,10,6,53,happy
28,27,standard,5,7,52,8,2,8.8,57,6.9,3.5,8.6,1,30,1,4.8,10,7,52,neutral
28,28,standard,6,7,15,7,25,7.8,63,4.8,3.3,6.0,1,43,1,5.4,10,7,15,sad
28,29,standard,0,6,16,6,16,8.1,64,5.4,2.9,5.0,1,45,0,6.5,0,6,16,neutral
29,1,standard,0,8,10,8,10,7.7,58,4.4,7.6,5.4,0,57,0,3.0,0,8,10,neutral
29,2,standard,1,8,25,8,35,8.7,65,3.0,6.7,6.8,0,26,1,2.9,10,7,25,sad
29,3,standard,2,8,25,8,45,7.5,57,2.9,6.6,5.5,1,45,2,3.6,20,7,25,neutral
29,4,standard,3,8,0,8,10,8.7,66,3.6,6.6,6.2,1,13,1,5.6,10,9,0,neutral
29,5,standard,4,8,52,9,2,7.4,62,5.6,5.6,4.9,0,44,1,5.8,10,8,52,neutral
29,6,standard,5,9,34,9,34,5.3,58,5.8,6.1,6.9,1,47,0,4.1,0,9,34,sad
29,7,standard,6,9,56,10,16,7.6,51,4.1,6.6,6.9,0,48,2,4.0,20,9,56,happy
29,8,standard,0,8,5,8,5,8.3,61,4.0,7.0,6.2,0,35,0,3.6,0,7,5,neutral
29,9,standard,1,8,0,8,0,7.0,69,3.6,6.5,6.2,1,2,0,4.3,0,7,0,sad
29,10,standard,2,8,1,8,1,7.7,60,4.3,6.8,6.6,0,32,0,4.3,0,8,1,neutral
29,11,standard,3,8,13,8,33,9.5,53,4.3,7.3,8.9,1,34,2,4.4,20,8,13,sad
29,12,standard,4,8,18,8,28,7.7,43,4.4,7.3,7.6,1,6,1,4.7,10,8,18,happy
29,13,standard,5,9,7,9,7,8.2,42,4.7,7.2,8.1,1,41,0,5.5,0,9,7,neutral
29,14,standard,6,9,51,10,1,8.6,36,5.5,6.8,9.0,0,39,1,5.4,10,9,51,sad
29,15,standard,0,8,10,8,40,7.9,34,5.4,6.5,7.4,1,39,3,2.5,30,8,10,neutral
29,16,standard,1,8,6,8,16,7.5,33,2.5,6.6,6.0,0,12,1,5.5,10,9,6,neutral
29,17,standard,2,8,49,8,59,7.8,27,5.5,7.0,7.8,1,2,1,2.6,10,8,49,neutral
29,18,standard,3,8,37,8,47,6.9,17,2.6,7.7,5.1,1,45,1,4.1,10,7,37,neutral
29,19,standard,4,8,50,8,50,7.0,26,4.1,7.3,7.9,1,18,0,7.6,0,8,50,neutral
29,20,standard,5,9,5,9,15,8.0,34,7.6,7.1,7.4,0,36,1,2.3,10,9,5,happy
29,21,standard,6,9,17,9,37,8.0,28,2.3,6.9,6.6,0,2,2,5.1,20,10,17,sad
29,22,standard,0,8,51,9,1,8.3,27,5.1,6.8,5.8,1,5,1,4.8,10,8,51,sad
29,23,standard,1,8,10,8,10,7.4,21,4.8,7.3,6.5,1,11,0,1.9,0,8,10,neutral
29,24,standard,2,8,25,8,35,8.5,31,1.9,7.0,5.9,0,35,1,2.1,10,7,25,sad
29,25,standard,3,8,4,8,14,7.7,25,2.1,7.4,3.7,0,26,1,3.6,10,9,4,sad
29,26,standard,4,8,48,8,58,8.9,17,3.6,7.5,6.4,1,13,1,3.6,10,9,48,neutral
29,27,standard,5,9,49,9,49,8.1,10,3.6,7.8,6.9,0,30,0,5.8,0,10,49,sad
29,28,standard,6,9,41,9,51,7.1,7,5.8,8.2,7.4,0,22,1,3.6,10,9,41,neutral
29,29,standard,0,8,58,9,8,6.5,0,3.6,7.7,6.0,1,10,1,2.3,10,7,58,neutral
30,1,early,0,5,47,6,7,8.5,24,4.5,3.7,6.5,1,26,2,4.6,20,4,47,sad
30,2,early,1,5,14,5,24,8.3,17,4.6,4.2,7.0,1,44,1,3.5,10,6,14,neutral
30,3,early,2,5,30,5,40,6.0,18,3.5,3.8,8.5,1,47,1,4.8,10,6,30,sad
30,4,early,3,5,43,5,53,9.1,11,4.8,3.8,7.8,1,25,1,6.1,10,6,43,neutral
30,5,early,4,5,11,5,11,9.8,2,6.1,3.6,8.3,1,26,0,4.3,0,5,11,sad
30,6,early,5,6,38,6,58,7.4,3,4.3,3.7,5.4,1,9,2,4.6,20,5,38,sad
30,7,early,6,6,51,6,51,7.5,0,4.6,3.1,7.3,1,10,0,4.8,0,7,51,sad
30,8,early,0,5,51,5,51,6.2,0,4.8,3.1,9.0,0,0,0,8.8,0,6,51,happy
30,9,early,1,5,30,5,30,7.8,3,8.8,2.7,8.4,0,15,0,6.4,0,5,30,happy
30,10,early,2,5,14,5,14,7.1,8,6.4,2.0,8.5,1,12,0,5.3,0,5,14,neutral
30,11,early,3,5,44,5,54,8.4,0,5.3,2.0,6.9,0,56,1,6.3,10,6,44,neutral
30,12,early,4,5,12,5,12,6.9,9,6.3,0.6,6.3,0,4,0,4.4,0,5,12,neutral
30,13,early,5,6,42,6,52,8.5,7,4.4,1.4,7.3,1,3,1,6.2,10,7,42,sad
30,14,early,6,6,43,6,43,9.8,4,6.2,2.0,9.3,1,37,0,7.7,0,6,43,neutral
30,15,early,0,5,47,6,7,7.5,7,7.7,2.3,9.1,0,26,2,7.1,20,5,47,neutral
30,16,early,1,5,23,5,33,8.2,6,7.1,1.8,8.2,1,41,1,6.6,10,5,23,neutral
30,17,early,2,5,20,5,30,8.1,1,6.6,0.9,8.5,0,16,1,6.7,10,5,20,sad
30,18,early,3,5,19,5,29,7.5,0,6.7,1.1,7.2,0,53,1,8.1,10,5,19,neutral
30,19,early,4,5,29,5,39,8.4,4,8.1,1.1,8.7,1,16,1,4.8,10,5,29,happy
30,20,early,5,6,37,6,37,7.4,0,4.8,1.4,7.5,1,37,0,4.7,0,5,37,neutral
30,21,early,6,6,40,7,0,6.2,0,4.7,1.7,6.1,1,53,2,5.7,20,5,40,happy
30,22,early,0,5,10,5,20,9.0,5,5.7,1.3,7.9,0,24,1,5.6,10,6,10,neutral
30,23,early,1,5,31,5,31,9.0,11,5.6,1.5,6.5,1,37,0,4.4,0,6,31,neutral
30,24,early,2,5,32,5,32,8.2,4,4.4,2.7,5.6,1,40,0,5.3,0,6,32,happy
30,25,early,3,5,40,5,40,7.3,2,5.3,3.3,6.6,1,47,0,5.0,0,6,40,sad
30,26,early,4,5,36,5,56,8.1,0,5.0,3.8,6.4,0,14,2,8.5,20,4,36,sad
30,27,early,5,6,14,6,14,6.1,9,8.5,4.2,9.3,1,45,0,4.2,0,6,14,happy
30,28,early,6,6,31,6,41,8.5,19,4.2,5.0,6.1,0,50,1,5.9,10,7,31,sad
30,29,early,0,5,21,5,31,7.4,20,5.9,5.0,9.8,1,48,1,6.5,10,5,21,happy
31,1,standard,0,7,22,7,42,7.6,54,4.2,5.7,7.3,1,46,2,5.7,20,8,22,happy
31,2,standard,1,7,27,7,27,7.5,49,5.7,5.3,8.1,0,25,0,4.9,0,7,27,neutral
31,3,standard,2,7,48,7,48,5.8,53,4.9,5.1,4.3,1,11,0,4.2,0,7,48,happy
31,4,standard,3,7,17,7,27,8.2,53,4.2,5.5,7.7,0,49,1,4.2,10,6,17,happy
31,5,standard,4,7,43,7,43,6.2,53,4.2,4.9,8.1,1,51,0,5.3,0,8,43,neutral
31,6,standard,5,8,11,8,31,6.8,57,5.3,4.3,6.6,0,36,2,4.6,20,8,11,neutral
31,7,standard,6,8,53,9,3,6.2,66,4.6,3.9,4.4,1,20,1,2.8,10,8,53,sad
31,8,standard,0,7,46,7,46,6.0,70,2.8,4.2,6.5,1,25,0,5.3,0,8,46,neutral
31,9,standard,1,7,22,7,42,6.3,66,5.3,4.2,5.8,0,27,2,4.8,20,7,22,sad
31,10,standard,2,7,47,7,57,5.4,64,4.8,4.2,9.3,1,28,1,3.6,10,7,47,neutral
31,11,standard,3,7,34,7,34,5.7,57,3.6,4.1,5.2,1,17,0,3.4,0,6,34,sad
31,12,standard,4,7,17,7,37,7.1,53,3.4,3.7,3.9,0,18,2,6.2,20,8,17,sad
31,13,standard,5,8,28,8,58,5.6,60,6.2,4.6,7.5,0,34,3,4.4,30,8,28,happy
31,14,standard,6,8,48,8,48,7.7,64,4.4,4.4,5.8,1,42,0,5.0,0,7,48,sad
31,15,standard,0,7,44,7,54,6.3,67,5.0,4.7,6.8,1,55,1,5.5,10,7,44,neutral
31,16,standard,1,7,25,7,25,5.6,70,5.5,4.3,5.8,1,29,0,4.8,0,7,25,sad
31,17,standard,2,7,57,8,7,6.4,63,4.8,4.4,5.2,1,59,1,3.4,10,7,57,happy
31,18,standard,3,7,7,7,7,7.0,66,3.4,4.2,9.1,1,25,0,7.1,0,8,7,sad
31,19,standard,4,7,8,7,18,5.6,69,7.1,4.2,8.5,1,50,1,2.8,10,7,8,happy
31,20,standard,5,8,14,8,24,8.1,67,2.8,4.2,6.9,1,46,1,1.9,10,7,14,sad
31,21,standard,6,8,30,8,40,8.3,68,1.9,4.5,4.3,1,1,1,5.6,10,7,30,sad
31,22,standard,0,7,45,8,5,7.3,60,5.6,4.7,6.0,1,16,2,4.8,20,7,45,neutral
31,23,standard,1,7,48,7,48,6.6,55,4.8,4.7,8.5,0,16,0,4.4,0,7,48,happy
31,24,standard,2,7,20,7,20,7.2,59,4.4,4.7,6.0,0,41,0,5.4,0,8,20,happy
31,25,standard,3,7,14,7,24,6.1,55,5.4,4.3,7.8,1,17,1,5.0,10,7,14,neutral
31,26,standard,4,7,3,7,13,6.0,49,5.0,5.8,9.4,1,43,1,5.6,10,7,3,neutral
31,27,standard,5,8,44,8,54,6.8,55,5.6,6.3,9.0,1,28,1,3.0,10,8,44,happy
31,28,standard,6,8,40,8,50,6.0,48,3.0,6.9,5.1,0,2,1,0.2,10,9,40,sad
31,29,standard,0,7,38,7,58,7.4,53,0.2,7.1,3.8,1,11,2,5.1,20,8,38,neutral
32,1,late,0,9,30,9,40,5.7,23,2.6,8.5,6.3,1,35,1,3.9,10,10,30,sad
32,2,late,1,9,42,9,42,7.1,32,3.9,8.5,8.6,1,9,0,4.5,0,8,42,sad
32,3,late,2,9,47,9,57,6.4,28,4.5,8.7,6.2,1,9,1,3.6,10,9,47,happy
32,4,late,3,9,10,9,10,7.7,30,3.6,9.0,8.9,0,59,0,3.7,0,10,10,neutral
32,5,late,4,9,15,9,15,4.8,34,3.7,9.0,5.6,1,47,0,4.4,0,10,15,sad
32,6,late,5,10,58,11,18,6.3,30,4.4,8.8,9.6,1,4,2,3.4,20,10,58,neutral
32,7,late,6,10,7,10,17,5.6,20,3.4,9.3,5.8,1,48,1,4.0,10,11,7,neutral
32,8,late,0,9,32,9,32,6.7,19,4.0,8.9,5.5,0,55,0,3.1,0,8,32,neutral
32,9,late,1,9,59,10,9,6.2,12,3.1,8.3,4.5,1,3,1,6.2,10,8,59,sad
32,10,late,2,9,34,9,34,5.4,10,6.2,7.3,7.6,1,35,0,2.5,0,9,34,happy
32,11,late,3,9,37,9,37,6.9,18,2.5,8.7,7.6,1,21,0,2.3,0,8,37,neutral
32,12,late,4,9,20,9,30,6.5,15,2.3,8.9,7.8,1,14,1,2.8,10,8,20,neutral
32,13,late,5,10,56,10,56,6.0,15,2.8,8.8,6.6,1,27,0,2.3,0,9,56,sad
32,14,late,6,10,25,10,35,6.5,16,2.3,9.1,5.8,0,55,1,4.0,10,11,25,sad
32,15,late,0,9,26,9,36,5.3,13,4.0,8.6,7.0,0,17,1,4.7,10,10,26,neutral
32,16,late,1,9,47,9,57,5.3,11,4.7,7.3,5.1,1,9,1,4.2,10,9,47,happy
32,17,late,2,9,52,9,52,6.6,1,4.2,6.8,7.1,0,5,0,5.6,0,10,52,happy
32,18,late,3,9,57,9,57,6.0,0,5.6,6.7,9.2,0,16,0,6.0,0,9,57,neutral
32,19,late,4,9,20,9,30,6.2,0,6.0,5.9,7.3,1,25,1,5.1,10,9,20,neutral
32,20,late,5,10,38,10,58,7.5,0,5.1,6.2,7.3,1,30,2,3.1,20,10,38,happy
32,21,late,6,10,52,11,12,5.7,8,3.1,6.4,6.5,1,53,2,6.3,20,9,52,sad
32,22,late,0,9,30,9,30,7.0,18,6.3,6.0,9.3,1,56,0,4.7,0,9,30,neutral
32,23,late,1,9,3,9,3,6.5,10,4.7,6.8,5.2,0,45,0,8.0,0,9,3,neutral
32,24,late,2,9,52,9,52,6.4,20,8.0,6.8,10.0,0,37,0,4.9,0,9,52,neutral
32,25,late,3,9,43,9,43,8.8,18,4.9,6.4,7.5,1,29,0,2.8,0,9,43,sad
32,26,late,4,9,55,10,5,6.5,12,2.8,7.0,5.3,1,58,1,4.5,10,10,55,sad
32,27,late,5,10,47,10,57,6.0,13,4.5,7.1,8.0,0,49,1,5.3,10,10,47,neutral
32,28,late,6,10,56,11,6,6.4,19,5.3,6.9,7.0,1,13,1,4.8,10,10,56,neutral
32,29,late,0,9,36,9,46,6.4,21,4.8,6.9,6.5,0,59,1,3.6,10,9,36,neutral
33,1,late,0,9,47,9,57,7.6,30,3.5,9.3,7.8,0,46,1,2.2,10,9,47,sad
33,2,late,1,9,12,9,32,7.4,27,2.2,9.4,6.2,1,52,2,2.3,20,8,12,sad
33,3,late,2,9,21,9,41,5.2,35,2.3,9.0,4.3,0,31,2,2.8,20,8,21,neutral
33,4,late,3,9,54,9,54,6.2,37,2.8,8.3,6.9,0,7,0,6.1,0,8,54,sad
33,5,late,4,9,10,9,10,7.5,27,6.1,9.0,7.2,1,7,0,2.9,0,9,10,sad
33,6,late,5,10,19,10,29,6.4,29,2.9,9.1,7.1,0,54,1,4.0,10,9,19,neutral
33,7,late,6,10,50,11,0,5.8,30,4.0,9.2,7.8,1,4,1,1.6,10,10,50,neutral
33,8,late,0,9,24,9,24,6.8,24,1.6,8.2,6.1,0,49,0,2.8,0,10,24,sad
33,9,late,1,9,34,9,54,6.6,26,2.8,9.1,3.9,0,3,2,5.1,20,10,34,neutral
33,10,late,2,9,27,9,27,8.5,29,5.1,8.7,7.2,0,40,0,5.7,0,9,27,sad
33,11,late,3,9,58,9,58,8.2,33,5.7,8.6,7.3,1,10,0,2.4,0,9,58,neutral
33,12,late,4,9,1,9,1,8.2,33,2.4,9.2,6.7,1,55,0,3.9,0,10,1,sad
33,13,late,5,10,14,10,14,7.0,42,3.9,9.6,6.6,1,33,0,3.7,0,10,14,neutral
33,14,late,6,10,26,10,46,5.8,50,3.7,9.7,7.2,0,7,2,4.0,20,10,26,sad
33,15,late,0,9,3,9,23,8.3,49,4.0,9.7,8.6,1,44,2,2.3,20,9,3,neutral
33,16,late,1,9,51,10,1,6.8,47,2.3,10.0,6.9,0,54,1,3.0,10,10,51,neutral
33,17,late,2,9,15,9,15,7.4,40,3.0,10.0,5.0,1,16,0,4.1,0,8,15,neutral
33,18,late,3,9,0,9,0,7.0,50,4.1,9.5,8.0,1,18,0,4.9,0,9,0,happy
33,19,late,4,9,54,9,54,6.2,49,4.9,8.9,8.8,0,28,0,5.4,0,9,54,neutral
33,20,late,5,10,9,10,9,7.5,56,5.4,8.8,7.6,1,39,0,5.1,0,10,9,neutral
33,21,late,6,10,49,10,59,6.8,58,5.1,9.0,6.6,1,28,1,3.7,10,10,49,happy
33,22,late,0,9,0,9,20,5.4,50,3.7,9.8,6.1,1,7,2,2.4,20,9,0,neutral
33,23,late,1,9,59,9,59,6.0,50,2.4,10.0,5.3,0,49,0,2.8,0,10,59,sad
33,24,late,2,9,5,9,15,6.7,43,2.8,9.9,5.5,1,54,1,1.1,10,10,5,neutral
33,25,late,3,9,39,9,49,6.1,46,1.1,9.7,5.0,0,38,1,3.4,10,8,39,sad
33,26,late,4,9,32,9,42,6.6,52,3.4,10.0,7.5,1,14,1,4.3,10,8,32,sad
33,27,late,5,10,47,11,7,7.1,58,4.3,9.8,7.3,0,1,2,1.8,20,10,47,neutral
33,28,late,6,10,5,10,5,5.0,68,1.8,9.8,3.9,0,40,0,5.1,0,9,5,sad
33,29,late,0,9,25,9,25,7.3,69,5.1,10.0,7.6,0,38,0,2.4,0,9,25,happy
34,1,standard,0,8,5,8,5,7.6,2,6.7,2.1,8.2,1,22,0,5.4,0,8,5,happy
34,2,standard,1,8,26,8,26,6.7,1,5.4,1.8,7.7,0,55,0,6.5,0,9,26,neutral
34,3,standard,2,8,57,8,57,9.3,3,6.5,1.8,7.0,1,12,0,6.0,0,8,57,sad
34,4,standard,3,8,53,9,3,7.1,11,6.0,2.5,6.5,1,42,1,6.6,10,8,53,neutral
34,5,standard,4,8,46,8,46,6.5,21,6.6,3.3,8.2,0,32,0,5.4,0,8,46,neutral
34,6,standard,5,9,13,9,33,6.4,23,5.4,3.6,7.3,0,58,2,5.4,20,10,13,happy
34,7,standard,6,9,8,9,18,8.4,28,5.4,3.2,8.0,1,42,1,5.5,10,8,8,neutral
34,8,standard,0,8,33,8,33,7.5,19,5.5,3.6,7.8,0,19,0,6.0,0,7,33,neutral
34,9,standard,1,8,56,9,16,7.6,26,6.0,3.3,7.0,0,13,2,5.1,20,8,56,neutral
34,10,standard,2,8,3,8,3,5.5,28,5.1,3.2,8.3,1,19,0,6.1,0,7,3,neutral
34,11,standard,3,8,29,8,29,7.1,35,6.1,3.0,7.4,0,51,0,3.5,0,8,29,neutral
34,12,standard,4,8,9,8,19,7.7,38,3.5,3.6,4.7,1,9,1,5.5,10,7,9,sad
34,13,standard,5,9,33,9,33,6.8,45,5.5,4.5,5.4,1,19,0,6.4,0,8,33,neutral
34,14,standard,6,9,31,9,51,6.0,52,6.4,4.1,7.9,1,55,2,4.3,20,9,31,neutral
34,15,standard,0,8,34,8,34,7.2,51,4.3,4.1,6.0,1,16,0,5.4,0,7,34,happy
34,16,standard,1,8,20,8,20,6.4,44,5.4,4.0,7.9,1,10,0,6.5,0,9,20,neutral
34,17,standard,2,8,58,9,28,8.0,41,6.5,4.3,8.1,1,42,3,4.1,30,8,58,happy
34,18,standard,3,8,1,8,21,7.6,41,4.1,4.0,6.1,1,53,2,6.5,20,7,1,happy
34,19,standard,4,8,24,8,24,6.4,51,6.5,2.4,3.9,1,32,0,5.4,0,8,24,sad
34,20,standard,5,9,52,9,52,6.0,51,5.4,2.9,4.4,1,51,0,5.7,0,8,52,sad
34,21,standard,6,9,14,9,24,6.5,53,5.7,2.7,8.0,1,29,1,6.7,10,9,14,neutral
34,22,standard,0,8,54,9,4,6.1,45,6.7,1.2,8.6,1,29,1,5.5,10,8,54,neutral
34,23,standard,1,8,24,8,34,6.7,54,5.5,1.1,6.8,0,59,1,5.0,10,7,24,happy
34,24,standard,2,8,19,8,29,8.3,63,5.0,1.4,6.7,0,3,1,5.6,10,7,19,happy
34,25,standard,3,8,38,8,48,6.8,66,5.6,1.2,7.0,1,0,1,6.3,10,7,38,neutral
34,26,standard,4,8,17,8,37,5.6,62,6.3,1.2,7.6,0,41,2,4.1,20,8,17,neutral
34,27,standard,5,9,32,9,52,6.5,60,4.1,1.3,6.5,1,37,2,7.3,20,8,32,happy
34,28,standard,6,9,7,9,17,8.3,53,7.3,0.9,6.5,1,17,1,4.8,10,9,7,neutral
34,29,standard,0,8,45,8,55,6.8,60,4.8,0.1,5.0,0,25,1,6.0,10,7,45,happy
35,1,standard,0,8,5,8,25,6.6,9,4.9,6.1,6.0,1,5,2,5.0,20,8,5,neutral
35,2,standard,1,8,58,8,58,6.0,15,5.0,6.4,9.0,0,48,0,7.5,0,8,58,neutral
35,3,standard,2,8,46,8,46,6.6,11,7.5,5.6,9.2,0,32,0,4.3,0,8,46,happy
35,4,standard,3,8,53,8,53,6.3,16,4.3,5.4,5.7,1,18,0,6.5,0,7,53,neutral
35,5,standard,4,8,20,8,20,7.8,18,6.5,5.2,7.0,0,47,0,5.4,0,8,20,sad
35,6,standard,5,9,10,9,10,5.5,25,5.4,5.3,6.5,0,20,0,2.7,0,9,10,neutral
35,7,standard,6,9,20,9,30,6.9,28,2.7,5.2,3.9,0,21,1,5.6,10,8,20,sad
35,8,standard,0,8,6,8,16,7.4,21,5.6,4.0,6.0,1,5,1,4.3,10,8,6,neutral
35,9,standard,1,8,9,8,19,5.9,22,4.3,2.6,7.6,1,18,1,4.4,10,9,9,happy
35,10,standard,2,8,49,8,59,9.4,23,4.4,3.6,3.8,0,41,1,4.0,10,9,49,neutral
35,11,standard,3,8,30,8,40,7.0,27,4.0,3.6,7.1,1,39,1,5.0,10,9,30,happy
35,12,standard,4,8,51,9,1,5.8,26,5.0,3.5,4.9,1,29,1,5.9,10,8,51,sad
35,13,standard,5,9,2,9,12,6.2,20,5.9,3.8,7.6,0,45,1,6.3,10,9,2,neutral
35,14,standard,6,9,46,10,16,5.2,12,6.3,3.3,6.3,1,26,3,6.2,30,9,46,neutral
35,15,standard,0,8,12,8,22,4.0,4,6.2,4.5,8.0,1,50,1,4.0,10,8,12,happy
35,16,standard,1,8,24,8,24,5.9,14,4.0,4.4,6.9,1,44,0,4.4,0,9,24,sad
35,17,standard,2,8,38,8,38,6.4,17,4.4,4.8,7.8,0,16,0,2.6,0,7,38,neutral
35,18,standard,3,8,43,8,53,6.9,16,2.6,4.9,6.3,0,31,1,4.5,10,9,43,sad
35,19,standard,4,8,23,8,23,7.3,26,4.5,5.4,4.4,0,16,0,6.8,0,9,23,happy
35,20,standard,5,9,13,9,23,5.2,21,6.8,5.4,8.1,0,40,1,2.9,10,9,13,neutral
35,21,standard,6,9,14,9,14,7.4,22,2.9,5.9,4.2,1,49,0,2.5,0,8,14,sad
35,22,standard,0,8,15,8,35,6.9,28,2.5,5.1,5.0,1,16,2,2.3,20,7,15,neutral
35,23,standard,1,8,38,8,48,6.2,18,2.3,6.5,6.5,1,29,1,2.7,10,7,38,sad
35,24,standard,2,8,4,8,14,5.0,10,2.7,6.7,6.2,1,54,1,3.7,10,7,4,sad
35,25,standard,3,8,52,8,52,8.2,19,3.7,7.1,5.2,1,40,0,5.0,0,9,52,sad
35,26,standard,4,8,52,9,12,7.0,15,5.0,6.7,7.8,0,38,2,6.8,20,8,52,neutral
35,27,standard,5,9,44,9,44,6.6,7,6.8,6.6,8.3,0,5,0,4.5,0,9,44,happy
35,28,standard,6,9,46,9,56,6.1,10,4.5,6.5,6.7,0,42,1,5.6,10,8,46,neutral
35,29,standard,0,8,16,8,16,5.3,5,5.6,6.2,6.5,1,20,0,2.7,0,8,16,happy
36,1,late,0,8,28,8,28,6.6,35,5.8,0.0,6.6,0,26,0,6.6,0,7,28,neutral
36,2,late,1,8,21,8,51,7.6,35,6.6,1.1,9.3,0,4,3,6.6,30,8,21,neutral
36,3,late,2,8,45,8,45,7.4,39,6.6,1.9,9.1,0,53,0,3.5,0,8,45,neutral
36,4,late,3,8,0,8,30,7.5,43,3.5,1.5,6.3,1,59,3,6.6,30,9,0,neutral
36,5,late,4,8,14,8,44,5.6,52,6.6,1.0,7.0,1,50,3,6.4,30,8,14,neutral
36,6,late,5,9,4,9,14,5.7,48,6.4,0.6,7.4,1,11,1,7.5,10,9,4,neutral
36,7,late,6,9,20,9,40,8.2,41,7.5,1.3,5.6,1,51,2,6.8,20,9,20,happy
36,8,late,0,8,2,8,2,7.7,31,6.8,0.9,6.8,0,17,0,3.9,0,8,2,happy
36,9,late,1,8,25,8,45,6.7,41,3.9,1.6,3.5,1,12,2,4.8,20,9,25,sad
36,10,late,2,8,18,8,28,6.9,48,4.8,0.8,6.7,1,27,1,6.4,10,7,18,sad
36,11,late,3,8,47,8,47,7.1,56,6.4,1.4,6.3,0,59,0,6.2,0,8,47,sad
36,12,late,4,8,41,8,41,6.1,64,6.2,1.6,9.1,0,16,0,7.9,0,8,41,neutral
36,13,late,5,9,51,10,1,6.1,68,7.9,1.0,7.8,1,59,1,8.1,10,9,51,happy
36,14,late,6,9,26,9,26,6.6,76,8.1,0.6,8.9,0,14,0,6.6,0,9,26,neutral
36,15,late,0,8,0,8,10,6.9,85,6.6,0.9,5.3,0,54,1,4.3,10,8,0,neutral
36,16,late,1,8,21,8,41,6.2,79,4.3,1.2,7.4,1,26,2,6.3,20,9,21,sad
36,17,late,2,8,46,8,46,7.8,78,6.3,1.3,7.6,1,51,0,4.2,0,8,46,neutral
36,18,late,3,8,57,8,57,7.1,83,4.2,0.7,4.1,1,0,0,5.4,0,7,57,neutral
36,19,late,4,8,24,8,24,7.5,73,5.4,0.5,4.6,1,54,0,5.7,0,9,24,sad
36,20,late,5,9,9,9,9,6.9,74,5.7,1.1,9.4,0,9,0,5.9,0,8,9,neutral
36,21,late,6,9,28,9,38,8.4,66,5.9,1.0,7.5,1,39,1,4.5,10,10,28,neutral
36,22,late,0,8,11,8,11,8.0,63,4.5,0.8,5.9,0,35,0,4.4,0,9,11,happy
36,23,late,1,8,31,9,1,6.7,58,4.4,1.2,6.2,1,41,3,5.2,30,9,31,sad
36,24,late,2,8,22,8,22,5.0,61,5.2,0.9,3.7,0,31,0,5.8,0,7,22,neutral
36,25,late,3,8,8,8,8,7.6,52,5.8,0.9,6.3,0,28,0,6.6,0,9,8,sad
36,26,late,4,8,25,8,35,4.8,57,6.6,0.1,5.6,0,59,1,7.4,10,8,25,happy
36,27,late,5,9,3,9,3,5.9,64,7.4,0.0,7.1,0,26,0,8.0,0,9,3,neutral
36,28,late,6,9,34,9,34,7.2,71,8.0,0.0,7.7,0,38,0,8.1,0,9,34,neutral
36,29,late,0,8,28,8,38,7.4,80,8.1,1.0,8.6,1,10,1,6.7,10,8,28,happy
37,1,standard,0,8,7,8,7,6.6,6,5.2,3.7,6.9,0,6,0,6.4,0,8,7,sad
37,2,standard,1,8,34,8,44,8.2,9,6.4,4.5,7.9,1,37,1,4.8,10,8,34,neutral
37,3,standard,2,8,36,8,36,7.5,3,4.8,4.4,6.2,0,30,0,7.3,0,8,36,sad
37,4,standard,3,8,30,8,40,9.8,12,7.3,5.0,9.1,0,27,1,5.4,10,8,30,happy
37,5,standard,4,8,56,8,56,7.3,20,5.4,5.1,8.0,1,53,0,4.1,0,8,56,neutral
37,6,standard,5,9,10,9,10,7.9,29,4.1,5.7,6.0,1,46,0,4.0,0,10,10,happy
37,7,standard,6,9,42,9,52,7.7,35,4.0,5.7,6.7,1,30,1,4.7,10,10,42,neutral
37,8,standard,0,8,56,8,56,6.3,35,4.7,6.2,8.1,1,26,0,6.1,0,8,56,happy
37,9,standard,1,8,46,8,56,6.7,36,6.1,6.2,7.0,1,25,1,3.3,10,8,46,happy
37,10,standard,2,8,19,8,19,7.3,28,3.3,6.6,3.8,0,6,0,4.7,0,7,19,sad
37,11,standard,3,8,50,8,50,7.5,19,4.7,6.2,6.4,1,41,0,2.5,0,8,50,neutral
37,12,standard,4,8,33,8,43,6.7,22,2.5,7.1,5.1,0,25,1,4.6,10,9,33,sad
37,13,standard,5,9,53,10,23,6.6,29,4.6,7.6,7.0,1,58,3,3.8,30,9,53,sad
37,14,standard,6,9,15,9,35,6.6,32,3.8,7.1,6.6,1,42,2,4.1,20,8,15,neutral
37,15,standard,0,8,39,8,49,8.5,42,4.1,7.1,7.8,1,26,1,6.0,10,7,39,neutral
37,16,standard,1,8,5,8,25,6.6,39,6.0,7.3,10.0,1,19,2,1.5,20,8,5,sad
37,17,standard,2,8,50,9,0,6.5,40,1.5,6.9,6.1,1,28,1,4.1,10,7,50,sad
37,18,standard,3,8,51,9,1,8.1,38,4.1,7.2,9.0,1,4,1,5.2,10,7,51,neutral
37,19,standard,4,8,20,8,20,7.0,36,5.2,6.8,5.0,0,54,0,3.9,0,8,20,neutral
37,20,standard,5,9,11,9,21,5.4,43,3.9,7.2,4.8,1,27,1,5.5,10,8,11,sad
37,21,standard,6,9,36,9,36,7.7,42,5.5,6.8,8.2,1,44,0,3.1,0,9,36,happy
37,22,standard,0,8,44,8,54,5.8,40,3.1,6.2,7.4,0,57,1,4.1,10,9,44,sad
37,23,standard,1,8,41,8,41,6.4,46,4.1,5.9,7.5,0,55,0,4.7,0,7,41,sad
37,24,standard,2,8,55,9,5,8.4,39,4.7,6.7,8.2,1,9,1,5.4,10,8,55,happy
37,25,standard,3,8,23,8,33,6.5,30,5.4,6.7,6.2,0,31,1,4.5,10,8,23,neutral
37,26,standard,4,8,29,8,39,7.2,35,4.5,5.8,8.9,1,42,1,2.7,10,9,29,neutral
37,27,standard,5,9,42,10,2,7.8,37,2.7,5.6,4.8,1,18,2,4.8,20,10,42,sad
37,28,standard,6,9,26,9,26,8.7,45,4.8,5.3,7.8,1,49,0,5.6,0,9,26,neutral
37,29,standard,0,8,26,8,36,6.9,51,5.6,6.4,8.1,0,4,1,3.4,10,8,26,neutral
38,1,standard,0,6,54,6,54,6.4,6,2.7,6.6,6.2,1,42,0,3.9,0,5,54,sad
38,2,standard,1,6,36,6,36,5.3,11,3.9,6.4,4.4,1,26,0,4.7,0,5,36,sad
38,3,standard,2,6,20,6,30,6.3,15,4.7,7.0,7.3,0,51,1,4.0,10,6,20,sad
38,4,standard,3,6,17,6,27,5.9,25,4.0,6.4,9.3,1,6,1,4.3,10,7,17,neutral
38,5,standard,4,6,14,6,14,6.1,15,4.3,6.8,8.8,1,55,0,4.1,0,6,14,sad
38,6,standard,5,7,3,7,33,6.2,9,4.1,5.5,7.4,0,45,3,4.5,30,8,3,neutral
38,7,standard,6,7,14,7,14,5.4,10,4.5,6.0,6.4,0,46,0,4.6,0,7,14,sad
38,8,standard,0,6,17,6,17,4.6,3,4.6,6.0,8.0,0,16,0,2.7,0,6,17,neutral
38,9,standard,1,6,13,6,23,5.1,1,2.7,5.5,3.3,1,21,1,5.0,10,7,13,neutral
38,10,standard,2,6,21,6,31,7.8,6,5.0,6.0,7.1,0,0,1,3.1,10,6,21,neutral
38,11,standard,3,6,45,6,55,5.1,8,3.1,6.6,6.7,1,1,1,6.4,10,7,45,sad
38,12,standard,4,6,23,6,23,6.6,15,6.4,5.8,7.8,1,0,0,3.9,0,6,23,sad
38,13,standard,5,7,21,7,31,6.6,21,3.9,6.0,5.3,1,36,1,5.9,10,8,21,neutral
38,14,standard,6,7,49,7,49,5.8,17,5.9,5.8,8.1,1,32,0,5.3,0,7,49,sad
38,15,standard,0,6,8,6,8,6.6,7,5.3,6.1,6.5,1,28,0,5.4,0,6,8,neutral
38,16,standard,1,6,40,6,50,5.6,1,5.4,6.2,8.4,1,23,1,3.5,10,6,40,happy
38,17,standard,2,6,33,6,53,6.1,1,3.5,6.1,4.7,1,8,2,4.6,20,7,33,sad
38,18,standard,3,6,58,7,18,5.4,0,4.6,7.1,5.0,1,3,2,5.1,20,6,58,neutral
38,19,standard,4,6,42,6,42,5.5,0,5.1,6.5,6.9,1,52,0,0.3,0,6,42,sad
38,20,standard,5,7,27,7,37,6.6,0,0.3,6.1,2.2,1,49,1,2.3,10,8,27,sad
38,21,standard,6,7,54,7,54,5.7,0,2.3,6.5,5.5,1,50,0,5.6,0,8,54,neutral
38,22,standard,0,6,35,6,35,5.1,9,5.6,5.8,6.6,1,57,0,6.1,0,6,35,neutral
38,23,standard,1,6,19,6,29,8.3,18,6.1,5.3,7.1,0,8,1,5.0,10,6,19,sad
38,24,standard,2,6,36,6,46,6.1,16,5.0,5.4,6.7,0,31,1,3.0,10,6,36,happy
38,25,standard,3,6,15,6,35,6.1,16,3.0,5.3,5.5,1,6,2,3.7,20,7,15,sad
38,26,standard,4,6,13,6,23,8.3,22,3.7,5.5,5.1,1,57,1,5.0,10,5,13,sad
38,27,standard,5,7,17,7,37,4.9,28,5.0,5.3,7.4,1,56,2,5.4,20,7,17,sad
38,28,standard,6,7,42,7,52,6.3,26,5.4,5.5,7.8,0,38,1,4.2,10,7,42,sad
38,29,standard,0,6,32,6,32,7.6,19,4.2,6.4,8.0,0,17,0,3.6,0,7,32,neutral
39,1,late,0,8,56,9,6,6.4,80,4.2,0.0,4.1,0,6,1,5.3,10,7,56,happy
39,2,late,1,8,13,8,23,4.4,83,5.3,0.0,6.3,0,12,1,7.1,10,9,13,neutral
39,3,late,2,8,18,8,28,4.7,90,7.1,0.5,9.1,1,29,1,6.0,10,8,18,neutral
39,4,late,3,8,8,8,28,5.6,90,6.0,0.7,8.4,1,5,2,5.0,20,9,8,sad
39,5,late,4,8,59,9,9,6.0,87,5.0,0.7,4.8,0,42,1,7.5,10,9,59,neutral
39,6,late,5,9,15,9,15,7.2,90,7.5,0.8,6.9,0,18,0,6.7,0,9,15,happy
39,7,late,6,9,48,9,48,7.0,84,6.7,1.7,6.0,0,39,0,5.1,0,9,48,neutral
39,8,late,0,8,40,8,50,7.6,77,5.1,0.6,7.7,1,38,1,5.2,10,9,40,neutral
39,9,late,1,8,31,8,51,5.8,68,5.2,1.2,3.8,0,17,2,7.7,20,9,31,sad
39,10,late,2,8,55,8,55,6.1,60,7.7,1.1,7.6,0,58,0,3.2,0,8,55,happy
39,11,late,3,8,52,9,12,8.0,52,3.2,0.6,4.1,1,56,2,5.9,20,9,52,sad
39,12,late,4,8,49,8,49,8.2,61,5.9,1.2,4.9,0,19,0,6.6,0,7,49,happy
39,13,late,5,9,41,9,41,6.7,71,6.6,0.7,6.7,1,43,0,6.6,0,9,41,neutral
39,14,late,6,9,42,9,42,5.5,70,6.6,1.4,7.6,0,46,0,5.8,0,9,42,neutral
39,15,late,0,8,38,8,38,5.6,61,5.8,0.9,7.1,0,39,0,6.6,0,7,38,neutral
39,16,late,1,8,2,8,2,6.7,56,6.6,1.5,7.7,1,42,0,4.7,0,8,2,neutral
39,17,late,2,8,59,8,59,5.5,46,4.7,1.4,7.7,1,43,0,6.1,0,9,59,neutral
39,18,late,3,8,37,8,37,7.3,54,6.1,2.0,5.9,1,13,0,5.5,0,7,37,happy
39,19,late,4,8,10,8,20,6.7,47,5.5,1.5,8.7,1,1,1,5.0,10,7,10,neutral
39,20,late,5,9,16,9,36,6.3,49,5.0,0.9,6.2,1,52,2,6.1,20,8,16,neutral
39,21,late,6,9,54,9,54,5.7,42,6.1,0.2,6.5,1,1,0,5.2,0,8,54,neutral
39,22,late,0,8,5,8,15,5.9,51,5.2,0.0,8.0,1,45,1,8.0,10,7,5,neutral
39,23,late,1,8,22,8,22,5.5,41,8.0,0.0,7.8,0,44,0,10.0,0,8,22,happy
39,24,late,2,8,43,8,43,7.4,34,10.0,0.0,9.9,0,11,0,6.7,0,8,43,happy
39,25,late,3,8,6,8,16,7.6,40,6.7,0.1,7.2,1,40,1,7.1,10,8,6,neutral
39,26,late,4,8,47,9,7,6.9,44,7.1,0.4,7.9,0,0,2,6.1,20,8,47,neutral
39,27,late,5,9,28,9,38,5.6,35,6.1,0.0,6.3,0,50,1,4.9,10,8,28,neutral
39,28,late,6,9,35,9,55,5.6,25,4.9,0.3,5.9,0,45,2,6.4,20,10,35,neutral
39,29,late,0,8,46,8,46,6.8,26,6.4,0.8,7.9,1,54,0,7.5,0,8,46,neutral
40,1,early,0,6,55,7,5,8.3,38,6.8,3.6,9.6,0,34,1,6.3,10,6,55,neutral
40,2,early,1,6,20,6,30,7.3,45,6.3,4.1,8.7,1,26,1,4.9,10,6,20,sad
40,3,early,2,6,55,7,25,8.8,55,4.9,4.4,6.5,1,47,3,5.9,30,5,55,sad
40,4,early,3,6,30,6,30,7.8,54,5.9,4.7,7.3,0,20,0,6.5,0,6,30,neutral
40,5,early,4,6,11,6,11,7.1,46,6.5,5.4,9.2,1,8,0,5.8,0,6,11,happy
40,6,early,5,7,36,7,36,8.0,56,5.8,5.0,6.0,1,7,0,4.1,0,7,36,happy
40,7,early,6,7,29,7,39,7.9,47,4.1,5.8,5.4,1,30,1,3.2,10,6,29,sad
40,8,early,0,6,2,6,2,7.7,45,3.2,6.3,7.1,0,26,0,3.4,0,5,2,sad
40,9,early,1,6,36,6,36,7.6,47,3.4,6.4,4.4,1,50,0,6.0,0,5,36,sad
40,10,early,2,6,18,6,18,6.3,49,6.0,6.2,7.6,0,18,0,3.4,0,6,18,neutral
40,11,early,3,6,58,7,8,8.2,43,3.4,6.6,3.5,1,37,1,2.4,10,7,58,sad
40,12,early,4,6,50,7,0,6.4,49,2.4,6.3,2.3,0,19,1,4.4,10,5,50,neutral
40,13,early,5,7,50,7,50,6.7,58,4.4,6.5,6.7,0,22,0,3.2,0,8,50,sad
40,14,early,6,7,45,7,55,7.0,57,3.2,6.6,4.9,0,58,1,5.1,10,6,45,sad
40,15,early,0,6,27,6,47,6.7,60,5.1,5.2,7.9,0,22,2,4.0,20,6,27,sad
40,16,early,1,6,41,6,41,7.4,67,4.0,5.2,7.1,1,42,0,4.8,0,7,41,sad
40,17,early,2,6,53,7,13,6.2,72,4.8,5.2,7.7,0,17,2,4.5,20,5,53,sad
40,18,early,3,6,2,6,12,6.7,73,4.5,4.4,6.6,0,0,1,3.6,10,5,2,happy
40,19,early,4,6,12,6,12,8.6,75,3.6,5.0,7.1,0,45,0,3.7,0,5,12,neutral
40,20,early,5,7,41,7,41,9.5,81,3.7,5.5,3.5,1,28,0,5.9,0,8,41,sad
40,21,early,6,7,13,7,13,6.8,74,5.9,5.1,6.7,0,45,0,4.6,0,7,13,sad
40,22,early,0,6,29,6,39,8.4,78,4.6,4.9,5.0,1,4,1,6.1,10,7,29,neutral
40,23,early,1,6,31,6,31,5.9,73,6.1,3.6,8.3,1,33,0,5.4,0,6,31,neutral
40,24,early,2,6,47,6,47,6.7,75,5.4,3.8,6.9,1,48,0,6.7,0,6,47,neutral
40,25,early,3,6,34,6,34,7.1,76,6.7,3.4,8.3,0,39,0,5.4,0,6,34,happy
40,26,early,4,6,53,7,3,6.2,80,5.4,2.7,7.4,1,39,1,6.0,10,6,53,neutral
40,27,early,5,7,54,8,4,8.9,79,6.0,2.4,6.5,0,44,1,5.2,10,7,54,happy
40,28,early,6,7,28,7,28,7.3,79,5.2,3.2,3.8,1,51,0,5.8,0,7,28,neutral
40,29,early,0,6,17,6,27,7.9,80,5.8,3.2,7.0,0,17,1,5.2,10,6,17,neutral
41,1,late,0,9,31,9,31,6.1,81,3.6,2.8,2.4,0,5,0,6.2,0,10,31,sad
41,2,late,1,9,8,9,8,5.7,77,6.2,2.7,8.4,1,8,0,6.0,0,9,8,neutral
41,3,late,2,9,24,9,24,7.0,82,6.0,2.5,5.9,1,22,0,4.7,0,9,24,neutral
41,4,late,3,9,10,9,30,7.9,85,4.7,2.4,6.1,1,11,2,5.1,20,10,10,neutral
41,5,late,4,9,10,9,10,5.0,90,5.1,2.2,5.5,0,4,0,5.6,0,8,10,neutral
41,6,late,5,10,33,10,33,6.9,90,5.6,2.3,5.5,0,19,0,6.6,0,9,33,sad
41,7,late,6,10,37,10,37,5.6,90,6.6,2.4,6.6,1,19,0,6.6,0,10,37,neutral
41,8,late,0,9,44,9,54,8.2,90,6.6,1.7,6.0,0,31,1,4.4,10,9,44,happy
41,9,late,1,9,5,9,5,5.2,90,4.4,1.7,5.8,0,15,0,7.2,0,10,5,neutral
41,10,late,2,9,42,9,42,4.9,89,7.2,1.2,8.6,1,8,0,6.7,0,9,42,happy
41,11,late,3,9,55,10,5,7.5,90,6.7,1.5,6.6,1,10,1,5.9,10,9,55,happy
41,12,late,4,9,33,9,33,7.3,90,5.9,1.0,6.3,1,4,0,5.2,0,9,33,happy
41,13,late,5,10,21,10,21,6.5,90,5.2,1.4,6.8,1,24,0,8.1,0,9,21,neutral
41,14,late,6,10,23,10,23,7.6,88,8.1,1.7,8.2,1,31,0,6.3,0,10,23,happy
41,15,late,0,9,16,9,16,7.6,90,6.3,1.3,7.1,1,11,0,6.5,0,9,16,sad
41,16,late,1,9,4,9,14,5.4,90,6.5,1.2,7.4,1,11,1,5.6,10,9,4,neutral
41,17,late,2,9,23,9,33,6.7,82,5.6,0.9,4.7,1,31,1,6.2,10,8,23,neutral
41,18,late,3,9,49,9,59,4.4,86,6.2,1.6,6.9,1,36,1,5.9,10,9,49,neutral
41,19,late,4,9,34,9,44,6.9,83,5.9,1.8,8.5,1,44,1,6.0,10,9,34,happy
41,20,late,5,10,17,10,17,6.2,74,6.0,1.5,6.6,0,56,0,6.9,0,10,17,happy
41,21,late,6,10,15,10,45,7.2,72,6.9,1.6,6.5,1,15,3,6.7,30,10,15,neutral
41,22,late,0,9,49,9,49,6.3,68,6.7,0.8,9.4,1,4,0,4.9,0,9,49,neutral
41,23,late,1,9,21,9,41,6.6,58,4.9,0.9,6.4,1,25,2,8.1,20,8,21,neutral
41,24,late,2,9,48,9,48,7.9,66,8.1,1.4,8.7,0,3,0,5.2,0,9,48,happy
41,25,late,3,9,14,9,44,6.7,57,5.2,1.7,7.1,0,39,3,4.1,30,10,14,neutral
41,26,late,4,9,32,9,32,6.0,51,4.1,2.3,4.6,0,41,0,7.0,0,10,32,neutral
41,27,late,5,10,26,10,36,4.6,43,7.0,2.1,7.5,0,17,1,2.4,10,10,26,happy
41,28,late,6,10,32,10,52,5.1,49,2.4,2.2,3.1,0,44,2,3.8,20,9,32,neutral
41,29,late,0,9,59,10,9,7.1,39,3.8,1.8,5.6,0,54,1,6.7,10,10,59,sad
42,1,standard,0,6,18,6,28,8.6,9,7.9,2.0,9.4,1,30,1,4.3,10,6,18,neutral
42,2,standard,1,6,57,7,7,8.0,14,4.3,2.5,8.3,1,36,1,5.8,10,7,57,neutral
42,3,standard,2,6,32,6,42,6.9,4,5.8,2.5,7.6,1,17,1,5.6,10,7,32,sad
42,4,standard,3,6,16,6,16,7.8,0,5.6,1.2,8.6,1,52,0,4.9,0,7,16,sad
42,5,standard,4,6,47,7,7,7.5,7,4.9,1.0,8.1,0,47,2,6.9,20,5,47,neutral
42,6,standard,5,7,8,7,8,6.9,12,6.9,0.5,8.0,1,29,0,6.7,0,7,8,neutral
42,7,standard,6,7,10,7,20,7.7,5,6.7,0.6,3.3,1,14,1,5.6,10,7,10,happy
42,8,standard,0,6,56,7,6,6.4,1,5.6,0.3,5.6,1,29,1,7.1,10,7,56,happy
42,9,standard,1,6,34,6,34,7.8,0,7.1,0.3,7.8,0,19,0,8.3,0,6,34,neutral
42,10,standard,2,6,27,6,37,7.1,5,8.3,0.0,8.4,1,11,1,5.9,10,6,27,happy
42,11,standard,3,6,28,6,28,8.2,13,5.9,0.0,8.4,1,16,0,7.1,0,7,28,neutral
42,12,standard,4,6,4,6,4,7.1,19,7.1,0.0,7.3,1,0,0,6.9,0,6,4,happy
42,13,standard,5,7,10,7,20,7.4,18,6.9,0.0,7.6,0,6,1,6.0,10,7,10,neutral
42,14,standard,6,7,52,8,2,6.0,11,6.0,0.0,6.2,0,24,1,5.3,10,6,52,sad
42,15,standard,0,6,17,6,17,7.1,17,5.3,0.0,5.8,0,51,0,5.5,0,7,17,sad
42,16,standard,1,6,50,7,0,7.2,18,5.5,0.0,5.1,0,31,1,6.1,10,5,50,neutral
42,17,standard,2,6,39,6,49,7.9,17,6.1,0.0,6.1,0,42,1,5.3,10,5,39,neutral
42,18,standard,3,6,20,6,20,8.0,9,5.3,0.4,4.9,0,49,0,6.5,0,7,20,neutral
42,19,standard,4,6,26,6,26,7.5,0,6.5,0.3,8.1,0,43,0,5.0,0,6,26,neutral
42,20,standard,5,7,31,7,31,7.7,0,5.0,0.0,6.4,1,9,0,8.6,0,6,31,sad
42,21,standard,6,7,23,7,23,7.7,2,8.6,0.0,7.6,0,54,0,8.2,0,7,23,happy
42,22,standard,0,6,58,7,18,8.1,0,8.2,0.1,10.0,0,41,2,6.0,20,6,58,happy
42,23,standard,1,6,33,6,53,7.1,3,6.0,1.2,7.8,0,2,2,3.7,20,5,33,neutral
42,24,standard,2,6,49,7,9,7.7,0,3.7,1.5,3.8,1,8,2,9.0,20,7,49,sad
42,25,standard,3,6,50,6,50,6.7,1,9.0,1.6,9.1,1,6,0,5.7,0,6,50,happy
42,26,standard,4,6,13,6,13,5.8,6,5.7,1.7,7.2,0,5,0,5.6,0,7,13,neutral
42,27,standard,5,7,51,8,21,8.5,6,5.6,2.8,6.7,1,43,3,6.4,30,8,51,neutral
42,28,standard,6,7,8,7,8,7.3,2,6.4,2.9,6.0,0,28,0,5.1,0,7,8,happy
42,29,standard,0,6,16,6,26,8.5,10,5.1,3.5,7.2,1,32,1,4.4,10,5,16,happy
43,1,standard,0,6,1,6,1,6.8,27,6.0,6.3,8.7,0,15,0,3.9,0,6,1,happy
43,2,standard,1,6,23,6,23,7.8,17,3.9,6.6,6.7,0,46,0,6.2,0,5,23,neutral
43,3,standard,2,6,36,6,46,7.0,8,6.2,6.5,8.6,0,4,1,5.4,10,6,36,sad
43,4,standard,3,6,18,6,28,8.0,0,5.4,5.9,7.3,0,15,1,4.4,10,6,18,sad
43,5,standard,4,6,51,7,1,7.2,0,4.4,6.0,7.2,1,26,1,4.0,10,6,51,neutral
43,6,standard,5,7,30,7,50,7.2,3,4.0,6.7,5.0,1,53,2,5.3,20,6,30,neutral
43,7,standard,6,7,45,7,45,8.6,6,5.3,6.4,7.1,1,30,0,2.3,0,7,45,neutral
43,8,standard,0,6,4,6,24,6.7,7,2.3,6.3,4.2,1,9,2,3.5,20,5,4,sad
43,9,standard,1,6,40,6,40,7.0,2,3.5,5.8,9.8,1,7,0,4.0,0,5,40,neutral
43,10,standard,2,6,8,6,8,7.3,0,4.0,5.4,7.2,0,39,0,2.6,0,7,8,happy
43,11,standard,3,6,23,6,33,6.5,10,2.6,5.5,4.9,0,36,1,5.5,10,5,23,sad
43,12,standard,4,6,39,6,49,6.9,12,5.5,4.9,6.3,0,38,1,5.6,10,6,39,happy
43,13,standard,5,7,27,7,57,6.3,15,5.6,4.8,5.6,0,2,3,2.9,30,7,27,neutral
43,14,standard,6,7,38,7,48,8.7,24,2.9,4.7,6.7,1,22,1,3.4,10,6,38,neutral
43,15,standard,0,6,28,6,38,7.2,23,3.4,4.0,4.0,1,1,1,5.9,10,7,28,neutral
43,16,standard,1,6,53,6,53,5.8,26,5.9,4.4,8.1,1,54,0,5.5,0,6,53,happy
43,17,standard,2,6,7,6,27,6.7,32,5.5,5.0,6.8,0,37,2,4.9,20,6,7,neutral
43,18,standard,3,6,0,6,20,8.6,34,4.9,5.2,6.9,0,39,2,4.3,20,6,0,neutral
43,19,standard,4,6,31,6,41,8.1,38,4.3,6.2,10.0,0,53,1,4.6,10,6,31,neutral
43,20,standard,5,7,29,7,29,7.4,30,4.6,6.3,7.8,0,3,0,4.0,0,7,29,neutral
43,21,standard,6,7,28,7,28,6.5,34,4.0,7.8,5.0,1,59,0,3.4,0,6,28,neutral
43,22,standard,0,6,9,6,9,7.7,39,3.4,8.0,5.9,1,13,0,4.3,0,5,9,neutral
43,23,standard,1,6,52,7,2,8.7,38,4.3,8.1,7.1,1,3,1,4.4,10,6,52,neutral
43,24,standard,2,6,25,6,35,8.6,32,4.4,8.9,7.7,0,50,1,1.8,10,6,25,neutral
43,25,standard,3,6,25,6,25,7.2,39,1.8,9.1,5.8,1,23,0,1.4,0,5,25,sad
43,26,standard,4,6,30,6,40,7.1,41,1.4,8.6,5.7,1,51,1,1.2,10,7,30,sad
43,27,standard,5,7,14,7,14,6.7,33,1.2,8.3,3.7,0,1,0,3.6,0,8,14,neutral
43,28,standard,6,7,47,8,7,6.6,34,3.6,8.5,4.9,1,29,2,7.1,20,8,47,sad
43,29,standard,0,6,6,6,6,6.8,41,7.1,8.2,10.0,1,30,0,4.7,0,6,6,neutral
44,1,standard,0,7,59,7,59,6.6,12,1.7,7.7,5.5,0,31,0,3.7,0,8,59,sad
44,2,standard,1,7,18,7,38,6.5,12,3.7,7.8,5.3,1,39,2,5.9,20,6,18,neutral
44,3,standard,2,7,9,7,19,7.4,11,5.9,8.2,7.3,1,47,1,4.7,10,7,9,neutral
44,4,standard,3,7,59,7,59,6.1,12,4.7,7.6,7.6,0,9,0,4.8,0,7,59,happy
44,5,standard,4,7,7,7,7,6.2,19,4.8,7.5,8.0,1,38,0,1.8,0,7,7,neutral
44,6,standard,5,8,4,8,14,4.5,9,1.8,8.3,5.6,0,25,1,3.4,10,7,4,sad
44,7,standard,6,8,50,9,10,6.6,19,3.4,9.0,5.4,1,48,2,3.4,20,9,50,neutral
44,8,standard,0,7,55,8,5,7.3,18,3.4,8.6,9.4,1,21,1,4.2,10,6,55,sad
44,9,standard,1,7,46,7,46,7.1,28,4.2,8.4,6.8,0,40,0,3.3,0,6,46,neutral
44,10,standard,2,7,25,7,25,6.5,34,3.3,7.8,6.1,1,29,0,5.1,0,6,25,neutral
44,11,standard,3,7,4,7,4,6.0,44,5.1,7.3,7.9,1,1,0,5.7,0,7,4,neutral
44,12,standard,4,7,0,7,0,5.9,41,5.7,6.9,7.8,0,20,0,4.1,0,7,0,sad
44,13,standard,5,8,3,8,23,7.5,50,4.1,6.4,5.5,0,11,2,4.8,20,9,3,happy
44,14,standard,6,8,14,8,24,6.3,46,4.8,6.1,6.3,1,32,1,6.1,10,8,14,neutral
44,15,standard,0,7,24,7,24,7.1,37,6.1,6.4,8.6,1,41,0,0.3,0,7,24,neutral
44,16,standard,1,7,43,8,3,6.9,27,0.3,6.6,3.9,0,34,2,6.1,20,6,43,neutral
44,17,standard,2,7,37,7,37,7.4,26,6.1,6.6,8.2,1,57,0,3.9,0,7,37,neutral
44,18,standard,3,7,57,7,57,5.4,16,3.9,6.4,5.6,1,24,0,5.7,0,8,57,sad
44,19,standard,4,7,14,7,14,8.0,17,5.7,6.8,6.1,1,53,0,3.4,0,7,14,happy
44,20,standard,5,8,5,8,15,6.8,13,3.4,7.0,6.1,0,2,1,4.8,10,7,5,sad
44,21,standard,6,8,49,9,9,6.0,19,4.8,6.8,6.7,1,4,2,2.3,20,8,49,sad
44,22,standard,0,7,28,7,38,6.0,13,2.3,6.3,6.5,0,7,1,5.8,10,6,28,sad
44,23,standard,1,7,27,7,37,6.0,23,5.8,5.3,7.1,1,14,1,4.2,10,7,27,neutral
44,24,standard,2,7,50,8,0,7.1,16,4.2,5.1,7.9,0,5,1,5.0,10,8,50,neutral
44,25,standard,3,7,12,7,12,5.9,14,5.0,4.5,9.1,1,1,0,3.0,0,7,12,neutral
44,26,standard,4,7,20,7,40,7.4,18,3.0,4.0,6.3,0,43,2,6.0,20,8,20,sad
44,27,standard,5,8,51,9,1,8.0,19,6.0,4.3,7.0,1,8,1,5.2,10,8,51,happy
44,28,standard,6,8,13,8,13,6.2,24,5.2,4.7,7.5,1,57,0,7.2,0,8,13,happy
44,29,standard,0,7,50,8,20,7.6,31,7.2,4.0,8.3,1,17,3,4.9,30,7,50,happy
45,1,early,0,6,33,6,33,8.8,77,5.7,6.1,8.7,1,3,0,5.1,0,6,33,neutral
45,2,early,1,6,24,6,24,7.6,80,5.1,6.0,6.5,0,8,0,2.7,0,6,24,neutral
45,3,early,2,6,51,7,1,7.9,83,2.7,6.4,4.2,0,3,1,4.8,10,5,51,neutral
45,4,early,3,6,6,6,16,7.8,79,4.8,6.4,7.3,0,19,1,4.1,10,6,6,neutral
45,5,early,4,6,17,6,17,5.6,74,4.1,7.1,7.2,0,10,0,4.4,0,6,17,neutral
45,6,early,5,7,31,8,1,7.5,73,4.4,7.4,6.4,1,23,3,3.6,30,7,31,neutral
45,7,early,6,7,53,7,53,7.1,75,3.6,7.5,7.1,0,47,0,2.9,0,7,53,sad
45,8,early,0,6,2,6,12,7.3,65,2.9,7.3,6.2,1,12,1,5.0,10,7,2,sad
45,9,early,1,6,40,6,40,7.9,63,5.0,7.9,7.9,0,55,0,4.0,0,6,40,happy
45,10,early,2,6,52,6,52,6.9,64,4.0,7.3,8.0,1,39,0,4.7,0,6,52,sad
45,11,early,3,6,20,6,40,5.7,69,4.7,7.3,8.4,1,49,2,2.5,20,6,20,neutral
45,12,early,4,6,10,6,40,7.3,68,2.5,7.8,6.3,1,38,3,3.0,30,7,10,neutral
45,13,early,5,7,2,7,2,9.2,73,3.0,8.2,5.0,0,22,0,1.4,0,6,2,sad
45,14,early,6,7,59,8,9,8.2,74,1.4,7.9,3.8,1,23,1,2.3,10,8,59,sad
45,15,early,0,6,15,6,15,4.5,77,2.3,7.4,3.9,0,47,0,4.5,0,7,15,sad
45,16,early,1,6,16,6,36,7.1,67,4.5,7.4,5.1,1,5,2,4.3,20,6,16,neutral
45,17,early,2,6,54,6,54,8.4,57,4.3,8.0,9.0,1,26,0,0.9,0,6,54,neutral
45,18,early,3,6,40,6,50,8.6,51,0.9,8.5,5.6,0,44,1,2.0,10,7,40,neutral
45,19,early,4,6,29,6,29,7.5,60,2.0,9.3,5.5,1,2,0,4.6,0,7,29,neutral
45,20,early,5,7,51,7,51,5.7,70,4.6,9.2,5.5,0,12,0,2.1,0,7,51,happy
45,21,early,6,7,14,7,14,7.0,60,2.1,9.9,6.7,1,18,0,3.4,0,8,14,sad
45,22,early,0,6,54,6,54,8.7,69,3.4,9.5,7.2,1,35,0,2.2,0,7,54,sad
45,23,early,1,6,53,7,3,4.0,78,2.2,9.5,5.4,0,21,1,3.9,10,5,53,sad
45,24,early,2,6,1,6,1,6.0,79,3.9,9.8,5.0,0,36,0,4.6,0,6,1,sad
45,25,early,3,6,2,6,2,5.5,73,4.6,10.0,7.1,1,35,0,2.1,0,6,2,sad
45,26,early,4,6,47,6,57,7.9,76,2.1,9.8,6.7,1,32,1,6.0,10,7,47,neutral
45,27,early,5,7,12,7,22,7.1,71,6.0,9.6,7.4,0,58,1,5.8,10,7,12,neutral
45,28,early,6,7,6,7,6,6.3,64,5.8,9.4,6.5,1,21,0,1.9,0,7,6,sad
45,29,early,0,6,16,6,36,7.8,74,1.9,10.0,6.0,0,42,2,3.1,20,7,16,sad
46,1,early,0,5,10,5,20,7.5,29,3.7,8.2,6.7,0,57,1,4.6,10,6,10,neutral
46,2,early,1,5,38,5,48,9.1,25,4.6,8.0,8.4,1,7,1,4.6,10,5,38,neutral
46,3,early,2,5,31,5,41,10.0,15,4.6,8.0,7.4,1,4,1,4.0,10,5,31,neutral
46,4,early,3,5,44,6,4,8.8,24,4.0,8.1,6.5,1,35,2,5.9,20,6,44,neutral
46,5,early,4,5,13,5,13,7.8,29,5.9,7.9,8.2,1,55,0,5.4,0,5,13,sad
46,6,early,5,6,38,6,48,9.6,27,5.4,7.5,4.6,0,48,1,5.2,10,6,38,neutral
46,7,early,6,6,17,6,17,6.9,32,5.2,7.5,8.8,0,59,0,3.5,0,6,17,neutral
46,8,early,0,5,39,5,49,8.8,23,3.5,8.2,5.1,0,27,1,5.2,10,4,39,sad
46,9,early,1,5,54,6,4,6.8,26,5.2,7.0,7.9,1,47,1,3.9,10,5,54,neutral
46,10,early,2,5,3,5,3,9.5,24,3.9,7.4,4.9,0,21,0,4.0,0,4,3,sad
46,11,early,3,5,23,5,53,7.2,32,4.0,7.5,5.6,0,43,3,2.8,30,6,23,happy
46,12,early,4,5,53,6,3,7.6,25,2.8,7.9,6.8,1,19,1,4.7,10,6,53,sad
46,13,early,5,6,26,6,26,6.4,23,4.7,7.6,7.6,1,14,0,0.2,0,6,26,sad
46,14,early,6,6,33,6,53,6.0,13,0.2,7.5,5.1,1,12,2,3.9,20,5,33,sad
46,15,early,0,5,19,5,39,8.1,17,3.9,6.7,6.1,1,15,2,4.2,20,6,19,sad
46,16,early,1,5,40,5,40,5.7,8,4.2,7.2,4.9,1,35,0,3.7,0,5,40,neutral
46,17,early,2,5,33,5,43,6.6,12,3.7,7.2,6.8,0,41,1,2.9,10,6,33,sad
46,18,early,3,5,28,5,28,4.3,20,2.9,6.5,6.0,1,59,0,4.9,0,4,28,sad
46,19,early,4,5,10,5,10,7.4,27,4.9,6.9,6.5,1,2,0,4.4,0,5,10,neutral
46,20,early,5,6,46,7,6,6.4,33,4.4,6.6,6.2,1,59,2,2.1,20,6,46,happy
46,21,early,6,6,20,6,20,8.3,38,2.1,5.9,4.4,1,45,0,6.3,0,5,20,neutral
46,22,early,0,5,48,5,58,9.1,34,6.3,6.1,8.1,1,23,1,4.9,10,5,48,happy
46,23,early,1,5,0,5,0,8.4,42,4.9,5.9,5.8,1,58,0,2.7,0,5,0,sad
46,24,early,2,5,32,5,32,5.4,38,2.7,5.7,4.6,1,58,0,4.3,0,4,32,sad
46,25,early,3,5,33,5,33,9.0,28,4.3,5.6,7.9,0,44,0,3.5,0,5,33,neutral
46,26,early,4,5,6,5,16,8.5,37,3.5,5.8,4.5,0,31,1,5.1,10,6,6,neutral
46,27,early,5,6,48,6,48,7.2,38,5.1,6.0,4.5,0,57,0,4.9,0,6,48,neutral
46,28,early,6,6,40,6,50,8.6,39,4.9,5.4,7.5,0,52,1,4.8,10,6,40,neutral
46,29,early,0,5,31,5,51,7.6,29,4.8,6.6,8.3,1,40,2,4.5,20,5,31,happy
47,1,standard,0,7,11,7,11,5.3,90,5.3,8.7,8.8,1,9,0,3.9,0,7,11,neutral
47,2,standard,1,7,47,8,7,8.3,90,3.9,8.4,8.0,0,50,2,5.1,20,7,47,sad
47,3,standard,2,7,40,7,50,9.3,90,5.1,8.4,8.0,1,37,1,3.9,10,7,40,happy
47,4,standard,3,7,40,8,0,6.7,90,3.9,8.4,6.3,0,46,2,4.6,20,7,40,neutral
47,5,standard,4,7,22,7,22,8.7,90,4.6,8.4,9.2,0,52,0,3.2,0,7,22,neutral
47,6,standard,5,8,47,8,47,6.5,90,3.2,8.6,7.2,1,5,0,3.9,0,7,47,sad
47,7,standard,6,8,16,8,16,8.3,90,3.9,8.9,7.6,0,45,0,5.8,0,8,16,sad
47,8,standard,0,7,17,7,27,7.0,90,5.8,9.1,5.8,1,47,1,2.4,10,7,17,neutral
47,9,standard,1,7,19,7,19,7.2,90,2.4,9.3,5.4,1,39,0,4.7,0,8,19,sad
47,10,standard,2,7,40,8,0,9.3,90,4.7,8.4,7.3,1,30,2,3.8,20,7,40,neutral
47,11,standard,3,7,53,8,3,8.8,90,3.8,8.8,7.4,0,18,1,5.2,10,7,53,neutral
47,12,standard,4,7,29,7,29,9.7,86,5.2,9.4,8.0,1,59,0,3.7,0,7,29,neutral
47,13,standard,5,8,52,9,2,6.7,90,3.7,9.6,7.0,1,21,1,2.5,10,7,52,neutral
47,14,standard,6,8,11,8,31,6.9,84,2.5,9.7,5.4,0,25,2,2.9,20,7,11,sad
47,15,standard,0,7,42,7,42,6.8,87,2.9,10.0,6.2,0,52,0,2.9,0,8,42,neutral
47,16,standard,1,7,26,7,26,7.4,90,2.9,10.0,5.4,1,6,0,1.3,0,6,26,sad
47,17,standard,2,7,2,7,32,8.5,90,1.3,10.0,7.2,1,25,3,2.1,30,8,2,sad
47,18,standard,3,7,36,8,6,8.7,90,2.1,10.0,5.2,0,11,3,3.3,30,8,36,sad
47,19,standard,4,7,37,7,37,8.1,90,3.3,10.0,5.1,0,27,0,4.6,0,8,37,sad
47,20,standard,5,8,35,8,45,10.0,87,4.6,9.6,7.5,1,27,1,3.3,10,8,35,sad
47,21,standard,6,8,28,8,58,7.6,90,3.3,9.4,8.0,1,28,3,3.8,30,9,28,neutral
47,22,standard,0,7,48,8,8,7.0,90,3.8,9.1,4.8,1,21,2,3.8,20,7,48,sad
47,23,standard,1,7,23,7,23,7.5,90,3.8,9.3,4.5,0,11,0,4.2,0,7,23,sad
47,24,standard,2,7,22,7,22,7.8,90,4.2,8.3,6.0,1,35,0,4.4,0,7,22,neutral
47,25,standard,3,7,2,7,2,9.9,85,4.4,8.5,5.9,1,59,0,3.8,0,7,2,neutral
47,26,standard,4,7,34,7,54,6.8,80,3.8,8.9,8.2,0,43,2,3.7,20,7,34,sad
47,27,standard,5,8,46,9,6,7.6,78,3.7,9.4,6.1,1,16,2,3.8,20,9,46,neutral
47,28,standard,6,8,3,8,3,9.2,73,3.8,9.2,7.3,1,20,0,4.5,0,8,3,neutral
47,29,standard,0,7,45,8,5,7.4,74,4.5,9.5,9.3,1,42,2,1.9,20,7,45,neutral
48,1,late,0,9,4,9,14,5.2,90,6.0,1.3,6.5,0,40,1,5.3,10,9,4,happy
48,2,late,1,9,26,9,26,8.0,85,5.3,1.5,8.2,1,30,0,6.4,0,8,26,neutral
48,3,late,2,9,17,9,17,7.2,86,6.4,1.1,4.2,0,38,0,6.1,0,9,17,neutral
48,4,late,3,9,16,9,16,7.1,90,6.1,0.9,6.8,1,11,0,7.1,0,9,16,neutral
48,5,late,4,9,17,9,17,5.8,90,7.1,0.0,6.1,1,22,0,6.7,0,9,17,happy
48,6,late,5,10,25,10,25,5.2,87,6.7,0.5,6.9,0,26,0,4.8,0,10,25,neutral
48,7,late,6,10,39,10,39,6.5,90,4.8,0.4,5.2,1,38,0,5.1,0,11,39,neutral
48,8,late,0,9,23,9,23,5.5,90,5.1,0.6,5.3,0,15,0,4.9,0,10,23,neutral
48,9,late,1,9,23,9,23,5.6,82,4.9,1.2,5.2,1,9,0,4.7,0,10,23,neutral
48,10,late,2,9,52,9,52,6.4,73,4.7,1.1,4.6,1,34,0,6.4,0,10,52,neutral
48,11,late,3,9,23,9,33,7.3,76,6.4,0.2,6.2,1,2,1,5.7,10,9,23,neutral
48,12,late,4,9,41,9,51,6.4,82,5.7,1.0,7.1,1,9,1,5.0,10,9,41,sad
48,13,late,5,10,51,10,51,6.4,85,5.0,0.4,7.2,0,14,0,7.4,0,9,51,sad
48,14,late,6,10,27,10,27,5.7,76,7.4,0.3,8.0,1,48,0,7.1,0,10,27,neutral
48,15,late,0,9,6,9,6,6.3,78,7.1,0.0,7.9,1,40,0,2.3,0,9,6,happy
48,16,late,1,9,54,10,14,6.0,87,2.3,0.0,4.0,1,51,2,5.7,20,8,54,sad
48,17,late,2,9,32,9,52,6.5,85,5.7,0.8,7.9,0,54,2,6.2,20,9,32,neutral
48,18,late,3,9,24,9,34,5.7,89,6.2,1.4,7.4,1,19,1,5.5,10,9,24,happy
48,19,late,4,9,29,9,29,6.2,79,5.5,1.6,7.9,0,56,0,4.9,0,8,29,neutral
48,20,late,5,10,16,10,16,7.4,80,4.9,1.8,4.1,0,5,0,5.7,0,9,16,neutral
48,21,late,6,10,51,10,51,6.0,77,5.7,2.2,6.7,1,25,0,4.2,0,10,51,neutral
48,22,late,0,9,57,10,7,4.5,86,4.2,2.0,7.2,0,53,1,6.5,10,8,57,neutral
48,23,late,1,9,59,9,59,7.2,87,6.5,1.5,8.8,1,4,0,6.1,0,9,59,neutral
48,24,late,2,9,9,9,9,7.0,87,6.1,1.7,5.8,1,57,0,6.6,0,9,9,sad
48,25,late,3,9,47,9,47,7.7,86,6.6,2.0,6.9,0,58,0,5.5,0,9,47,neutral
48,26,late,4,9,27,9,27,6.1,83,5.5,1.2,3.6,1,20,0,5.5,0,8,27,sad
48,27,late,5,10,47,10,57,6.3,90,5.5,1.4,7.1,0,51,1,5.4,10,11,47,neutral
48,28,late,6,10,22,10,32,5.3,90,5.4,2.5,8.9,1,10,1,4.9,10,9,22,happy
48,29,late,0,9,20,9,20,5.7,90,4.9,3.0,5.7,1,25,0,4.1,0,8,20,happy
49,1,early,0,6,31,6,41,7.5,34,2.5,5.5,4.5,1,4,1,2.7,10,7,31,sad
49,2,early,1,6,31,6,51,7.9,40,2.7,5.6,4.3,0,7,2,5.1,20,7,31,sad
49,3,early,2,6,58,7,18,7.2,42,5.1,6.1,7.7,1,1,2,2.6,20,6,58,happy
49,4,early,3,6,15,6,15,6.4,46,2.6,5.8,6.5,1,35,0,3.2,0,7,15,sad
49,5,early,4,6,43,6,43,8.9,47,3.2,5.7,6.3,1,47,0,6.6,0,7,43,sad
49,6,early,5,7,30,7,30,7.0,38,6.6,6.0,8.1,0,23,0,2.4,0,7,30,neutral
49,7,early,6,7,27,7,47,8.1,47,2.4,6.0,6.2,1,49,2,3.2,20,6,27,sad
49,8,early,0,6,26,6,36,8.9,57,3.2,6.7,6.6,0,55,1,5.4,10,7,26,sad
49,9,early,1,6,13,6,33,6.7,60,5.4,6.6,5.2,1,4,2,1.8,20,6,13,neutral
49,10,early,2,6,21,6,21,7.1,56,1.8,6.6,4.0,1,9,0,4.4,0,7,21,neutral
49,11,early,3,6,50,6,50,7.8,46,4.4,6.1,8.7,0,47,0,5.0,0,6,50,happy
49,12,early,4,6,58,7,18,8.1,44,5.0,6.7,7.4,1,26,2,3.7,20,6,58,neutral
49,13,early,5,7,50,7,50,8.1,44,3.7,7.5,6.2,0,48,0,5.1,0,8,50,sad
49,14,early,6,7,53,7,53,7.7,42,5.1,7.4,4.4,0,23,0,3.9,0,7,53,neutral
49,15,early,0,6,34,6,44,7.3,37,3.9,7.9,4.5,1,29,1,5.7,10,6,34,sad
49,16,early,1,6,48,6,48,8.0,41,5.7,7.7,7.3,1,21,0,4.0,0,6,48,happy
49,17,early,2,6,6,6,6,8.0,37,4.0,7.2,6.9,1,6,0,3.7,0,6,6,happy
49,18,early,3,6,8,6,28,8.3,43,3.7,7.4,7.6,0,47,2,3.4,20,5,8,neutral
49,19,early,4,6,53,6,53,7.8,51,3.4,6.9,6.7,1,40,0,2.9,0,7,53,neutral
49,20,early,5,7,46,8,6,7.0,60,2.9,6.9,7.1,0,37,2,3.0,20,8,46,sad
49,21,early,6,7,51,7,51,7.1,54,3.0,6.4,6.9,1,14,0,6.0,0,6,51,sad
49,22,early,0,6,21,6,21,6.3,63,6.0,7.1,8.9,1,56,0,3.2,0,6,21,happy
49,23,early,1,6,9,6,19,9.8,71,3.2,6.6,5.1,1,5,1,5.5,10,7,9,sad
49,24,early,2,6,53,7,3,9.5,62,5.5,7.3,7.7,0,1,1,2.7,10,6,53,sad
49,25,early,3,6,27,6,27,8.4,60,2.7,6.8,4.1,1,36,0,4.0,0,5,27,neutral
49,26,early,4,6,36,6,56,9.4,63,4.0,7.7,9.1,0,44,2,3.4,20,6,36,neutral
49,27,early,5,7,30,7,40,7.6,68,3.4,8.3,7.5,1,1,1,4.0,10,6,30,neutral
49,28,early,6,7,10,7,10,7.6,67,4.0,8.1,6.3,1,27,0,3.5,0,7,10,happy
49,29,early,0,6,14,6,24,7.5,68,3.5,8.5,6.5,1,48,1,3.9,10,7,14,sad
50,1,early,0,6,18,6,18,6.6,34,5.0,3.7,5.8,0,39,0,4.9,0,5,18,happy
50,2,early,1,6,37,6,47,7.5,38,4.9,3.9,4.4,1,8,1,6.1,10,7,37,neutral
50,3,early,2,6,57,7,7,7.2,43,6.1,4.1,7.1,1,24,1,4.4,10,6,57,sad
50,4,early,3,6,37,6,47,7.9,52,4.4,4.9,6.3,1,4,1,3.5,10,7,37,sad
50,5,early,4,6,14,6,34,7.0,60,3.5,5.4,6.6,1,19,2,6.0,20,7,14,sad
50,6,early,5,7,44,7,54,7.4,58,6.0,5.5,8.4,0,56,1,5.0,10,7,44,sad
50,7,early,6,7,0,7,20,8.7,57,5.0,5.5,6.5,0,54,2,2.9,20,6,0,happy
50,8,early,0,6,7,6,7,8.5,57,2.9,5.7,4.8,1,19,0,5.3,0,5,7,sad
50,9,early,1,6,19,6,29,7.6,54,5.3,4.9,6.8,0,1,1,5.5,10,6,19,neutral
50,10,early,2,6,43,6,43,8.3,61,5.5,4.4,6.1,1,43,0,6.4,0,6,43,neutral
50,11,early,3,6,52,7,12,8.7,63,6.4,4.5,9.8,1,26,2,4.9,20,6,52,neutral
50,12,early,4,6,6,6,26,7.0,56,4.9,3.2,5.1,1,3,2,4.2,20,5,6,neutral
50,13,early,5,7,26,7,36,8.7,57,4.2,3.1,7.2,1,55,1,5.4,10,6,26,neutral
50,14,early,6,7,47,8,7,7.5,51,5.4,1.6,6.5,1,8,2,4.3,20,7,47,sad
50,15,early,0,6,45,7,15,8.6,51,4.3,1.4,7.7,1,10,3,5.9,30,5,45,sad
50,16,early,1,6,48,6,58,9.0,50,5.9,2.0,8.1,1,39,1,5.5,10,6,48,neutral
50,17,early,2,6,49,6,49,8.0,52,5.5,1.6,6.2,1,0,0,4.3,0,6,49,neutral
50,18,early,3,6,6,6,6,7.2,48,4.3,0.9,4.7,0,0,0,3.6,0,7,6,sad
50,19,early,4,6,39,6,49,6.4,47,3.6,1.1,3.7,1,19,1,4.9,10,7,39,sad
50,20,early,5,7,34,8,4,7.5,56,4.9,1.4,7.1,1,43,3,4.9,30,8,34,sad
50,21,early,6,7,38,7,38,7.3,62,4.9,0.5,6.9,0,32,0,6.5,0,6,38,happy
50,22,early,0,6,24,6,34,6.5,57,6.5,0.2,9.4,0,21,1,6.8,10,6,24,happy
50,23,early,1,6,35,6,35,6.7,62,6.8,0.1,6.4,0,59,0,6.0,0,6,35,neutral
50,24,early,2,6,23,6,23,8.6,60,6.0,0.0,6.2,1,20,0,4.1,0,6,23,neutral
50,25,early,3,6,32,6,32,9.3,51,4.1,0.0,5.7,1,5,0,6.5,0,5,32,neutral
50,26,early,4,6,37,6,57,10.0,57,6.5,0.0,5.4,1,47,2,4.4,20,6,37,neutral
50,27,early,5,7,14,7,24,9.9,65,4.4,0.0,7.2,1,8,1,5.7,10,6,14,happy
50,28,early,6,7,48,7,58,8.3,59,5.7,0.9,8.3,0,22,1,6.0,10,7,48,neutral
50,29,early,0,6,33,6,33,9.5,67,6.0,0.7,5.4,0,49,0,3.8,0,6,33,neutral
